run_id,run_timestamp_utc,community_pruned,model,experiment_type,dataset_dir,input_ttl_path,detached_ground_truth_ttl_path,modified_original_ttl_path,summary_path,output_ttl_path,raw_model_output_path,elapsed_seconds,ttl_syntax_valid,sparql_query_valid,input_tokens,output_tokens,total_tokens,ground_truth_alignment,error
0be004dc45e44961a5309c62a43abad8,2026-06-21T06:29:10.295357+00:00,WayfindingTechnique,qwen/qwen3.6-35b-a3b,agent,/Users/kelvinjou/Documents/GitHub/OntologyAgent/dataset/agent/WayfindingTechnique,/Users/kelvinjou/Documents/GitHub/OntologyAgent/enhanced_xr.ttl,/Users/kelvinjou/Documents/GitHub/OntologyAgent/dataset/agent/WayfindingTechnique/detached.ttl,/Users/kelvinjou/Documents/GitHub/OntologyAgent/dataset/agent/WayfindingTechnique/modified_original.ttl,/Users/kelvinjou/Documents/GitHub/OntologyAgent/dataset/agent/WayfindingTechnique/summary.txt,/Users/kelvinjou/Documents/GitHub/OntologyAgent/dataset/agent/WayfindingTechnique/reinserted.ttl,/Users/kelvinjou/Documents/GitHub/OntologyAgent/dataset/agent/WayfindingTechnique/raw_model_output_0be004dc45e44961a5309c62a43abad8.txt,47.754808,True,,3240,5238,8478,,
0be004dc45e44961a5309c62a43abad8,2026-06-21T06:29:58.046098+00:00,WayfindingTechnique,qwen/qwen3.6-35b-a3b,baseline,/Users/kelvinjou/Documents/GitHub/OntologyAgent/dataset/baseline/WayfindingTechnique,/Users/kelvinjou/Documents/GitHub/OntologyAgent/enhanced_xr.ttl,/Users/kelvinjou/Documents/GitHub/OntologyAgent/dataset/baseline/WayfindingTechnique/detached.ttl,/Users/kelvinjou/Documents/GitHub/OntologyAgent/dataset/baseline/WayfindingTechnique/modified_original.ttl,/Users/kelvinjou/Documents/GitHub/OntologyAgent/dataset/baseline/WayfindingTechnique/summary.txt,/Users/kelvinjou/Documents/GitHub/OntologyAgent/dataset/baseline/WayfindingTechnique/reinserted.ttl,/Users/kelvinjou/Documents/GitHub/OntologyAgent/dataset/baseline/WayfindingTechnique/raw_model_output_0be004dc45e44961a5309c62a43abad8.txt,27.480799,True,,10763,2613,13376,,
0be004dc45e44961a5309c62a43abad8,2026-06-21T06:30:25.528416+00:00,WayfindingTechnique,qwen/qwen3.6-35b-a3b,sparql,/Users/kelvinjou/Documents/GitHub/OntologyAgent/dataset/sparql/WayfindingTechnique,/Users/kelvinjou/Documents/GitHub/OntologyAgent/enhanced_xr.ttl,/Users/kelvinjou/Documents/GitHub/OntologyAgent/dataset/sparql/WayfindingTechnique/detached.ttl,/Users/kelvinjou/Documents/GitHub/OntologyAgent/dataset/sparql/WayfindingTechnique/modified_original.ttl,/Users/kelvinjou/Documents/GitHub/OntologyAgent/dataset/sparql/WayfindingTechnique/summary.txt,/Users/kelvinjou/Documents/GitHub/OntologyAgent/dataset/sparql/WayfindingTechnique/reinserted.ttl,/Users/kelvinjou/Documents/GitHub/OntologyAgent/dataset/sparql/WayfindingTechnique/raw_model_output_0be004dc45e44961a5309c62a43abad8.txt,33.319454,True,True,10835,3756,14591,,
3d52853c04f04be8bddc6ddfaf6bf361,2026-06-21T06:18:54.754330+00:00,DisplayDevice,qwen/qwen3.6-35b-a3b,agent,/Users/kelvinjou/Documents/GitHub/OntologyAgent/dataset/agent/DisplayDevice,/Users/kelvinjou/Documents/GitHub/OntologyAgent/enhanced_xr.ttl,/Users/kelvinjou/Documents/GitHub/OntologyAgent/dataset/agent/DisplayDevice/detached.ttl,/Users/kelvinjou/Documents/GitHub/OntologyAgent/dataset/agent/DisplayDevice/modified_original.ttl,/Users/kelvinjou/Documents/GitHub/OntologyAgent/dataset/agent/DisplayDevice/summary.txt,/Users/kelvinjou/Documents/GitHub/OntologyAgent/dataset/agent/DisplayDevice/reinserted.ttl,/Users/kelvinjou/Documents/GitHub/OntologyAgent/dataset/agent/DisplayDevice/raw_model_output_3d52853c04f04be8bddc6ddfaf6bf361.txt,49.274554,True,,6207,5414,11621,,
3d52853c04f04be8bddc6ddfaf6bf361,2026-06-21T06:19:44.034047+00:00,DisplayDevice,qwen/qwen3.6-35b-a3b,baseline,/Users/kelvinjou/Documents/GitHub/OntologyAgent/dataset/baseline/DisplayDevice,/Users/kelvinjou/Documents/GitHub/OntologyAgent/enhanced_xr.ttl,/Users/kelvinjou/Documents/GitHub/OntologyAgent/dataset/baseline/DisplayDevice/detached.ttl,/Users/kelvinjou/Documents/GitHub/OntologyAgent/dataset/baseline/DisplayDevice/modified_original.ttl,/Users/kelvinjou/Documents/GitHub/OntologyAgent/dataset/baseline/DisplayDevice/summary.txt,/Users/kelvinjou/Documents/GitHub/OntologyAgent/dataset/baseline/DisplayDevice/reinserted.ttl,/Users/kelvinjou/Documents/GitHub/OntologyAgent/dataset/baseline/DisplayDevice/raw_model_output_3d52853c04f04be8bddc6ddfaf6bf361.txt,34.778184,True,,11835,3353,15188,,
3d52853c04f04be8bddc6ddfaf6bf361,2026-06-21T06:20:18.814241+00:00,DisplayDevice,qwen/qwen3.6-35b-a3b,sparql,/Users/kelvinjou/Documents/GitHub/OntologyAgent/dataset/sparql/DisplayDevice,/Users/kelvinjou/Documents/GitHub/OntologyAgent/enhanced_xr.ttl,/Users/kelvinjou/Documents/GitHub/OntologyAgent/dataset/sparql/DisplayDevice/detached.ttl,/Users/kelvinjou/Documents/GitHub/OntologyAgent/dataset/sparql/DisplayDevice/modified_original.ttl,/Users/kelvinjou/Documents/GitHub/OntologyAgent/dataset/sparql/DisplayDevice/summary.txt,/Users/kelvinjou/Documents/GitHub/OntologyAgent/dataset/sparql/DisplayDevice/reinserted.ttl,/Users/kelvinjou/Documents/GitHub/OntologyAgent/dataset/sparql/DisplayDevice/raw_model_output_3d52853c04f04be8bddc6ddfaf6bf361.txt,35.573608,True,True,11907,3958,15865,,
27f268afbfa84e7cbe6a58b8edcc2ae1,2026-06-21T06:32:51.147557+00:00,Task,qwen/qwen3.6-35b-a3b,agent,/Users/kelvinjou/Documents/GitHub/OntologyAgent/dataset/agent/Task,/Users/kelvinjou/Documents/GitHub/OntologyAgent/enhanced_xr.ttl,/Users/kelvinjou/Documents/GitHub/OntologyAgent/dataset/agent/Task/detached.ttl,/Users/kelvinjou/Documents/GitHub/OntologyAgent/dataset/agent/Task/modified_original.ttl,/Users/kelvinjou/Documents/GitHub/OntologyAgent/dataset/agent/Task/summary.txt,/Users/kelvinjou/Documents/GitHub/OntologyAgent/dataset/agent/Task/reinserted.ttl,/Users/kelvinjou/Documents/GitHub/OntologyAgent/dataset/agent/Task/raw_model_output_27f268afbfa84e7cbe6a58b8edcc2ae1.txt,736.553085,True,,6037,15484,21521,,
27f268afbfa84e7cbe6a58b8edcc2ae1,2026-06-21T06:45:07.707682+00:00,Task,qwen/qwen3.6-35b-a3b,baseline,/Users/kelvinjou/Documents/GitHub/OntologyAgent/dataset/baseline/Task,/Users/kelvinjou/Documents/GitHub/OntologyAgent/enhanced_xr.ttl,/Users/kelvinjou/Documents/GitHub/OntologyAgent/dataset/baseline/Task/detached.ttl,/Users/kelvinjou/Documents/GitHub/OntologyAgent/dataset/baseline/Task/modified_original.ttl,/Users/kelvinjou/Documents/GitHub/OntologyAgent/dataset/baseline/Task/summary.txt,/Users/kelvinjou/Documents/GitHub/OntologyAgent/dataset/baseline/Task/reinserted.ttl,/Users/kelvinjou/Documents/GitHub/OntologyAgent/dataset/baseline/Task/raw_model_output_27f268afbfa84e7cbe6a58b8edcc2ae1.txt,32.232608,True,,11675,3062,14737,,
27f268afbfa84e7cbe6a58b8edcc2ae1,2026-06-21T06:45:39.941947+00:00,Task,qwen/qwen3.6-35b-a3b,sparql,/Users/kelvinjou/Documents/GitHub/OntologyAgent/dataset/sparql/Task,/Users/kelvinjou/Documents/GitHub/OntologyAgent/enhanced_xr.ttl,/Users/kelvinjou/Documents/GitHub/OntologyAgent/dataset/sparql/Task/detached.ttl,/Users/kelvinjou/Documents/GitHub/OntologyAgent/dataset/sparql/Task/modified_original.ttl,/Users/kelvinjou/Documents/GitHub/OntologyAgent/dataset/sparql/Task/summary.txt,/Users/kelvinjou/Documents/GitHub/OntologyAgent/dataset/sparql/Task/reinserted.ttl,/Users/kelvinjou/Documents/GitHub/OntologyAgent/dataset/sparql/Task/raw_model_output_27f268afbfa84e7cbe6a58b8edcc2ae1.txt,24.688811,True,True,11747,2750,14497,,
73b9c5fbf247461db344e29905bfedb2,2026-06-21T06:50:23.434889+00:00,PassiveInputDevice,qwen/qwen3.6-35b-a3b,agent,/Users/kelvinjou/Documents/GitHub/OntologyAgent/dataset/agent/PassiveInputDevice,/Users/kelvinjou/Documents/GitHub/OntologyAgent/enhanced_xr.ttl,/Users/kelvinjou/Documents/GitHub/OntologyAgent/dataset/agent/PassiveInputDevice/detached.ttl,/Users/kelvinjou/Documents/GitHub/OntologyAgent/dataset/agent/PassiveInputDevice/modified_original.ttl,/Users/kelvinjou/Documents/GitHub/OntologyAgent/dataset/agent/PassiveInputDevice/summary.txt,/Users/kelvinjou/Documents/GitHub/OntologyAgent/dataset/agent/PassiveInputDevice/reinserted.ttl,/Users/kelvinjou/Documents/GitHub/OntologyAgent/dataset/agent/PassiveInputDevice/raw_model_output_73b9c5fbf247461db344e29905bfedb2.txt,111.901919,True,,10877,12774,23651,,
73b9c5fbf247461db344e29905bfedb2,2026-06-21T06:52:15.342216+00:00,PassiveInputDevice,qwen/qwen3.6-35b-a3b,baseline,/Users/kelvinjou/Documents/GitHub/OntologyAgent/dataset/baseline/PassiveInputDevice,/Users/kelvinjou/Documents/GitHub/OntologyAgent/enhanced_xr.ttl,/Users/kelvinjou/Documents/GitHub/OntologyAgent/dataset/baseline/PassiveInputDevice/detached.ttl,/Users/kelvinjou/Documents/GitHub/OntologyAgent/dataset/baseline/PassiveInputDevice/modified_original.ttl,/Users/kelvinjou/Documents/GitHub/OntologyAgent/dataset/baseline/PassiveInputDevice/summary.txt,/Users/kelvinjou/Documents/GitHub/OntologyAgent/dataset/baseline/PassiveInputDevice/reinserted.ttl,/Users/kelvinjou/Documents/GitHub/OntologyAgent/dataset/baseline/PassiveInputDevice/raw_model_output_73b9c5fbf247461db344e29905bfedb2.txt,21.881912,True,,12376,1864,14240,,
73b9c5fbf247461db344e29905bfedb2,2026-06-21T06:52:37.226552+00:00,PassiveInputDevice,qwen/qwen3.6-35b-a3b,sparql,/Users/kelvinjou/Documents/GitHub/OntologyAgent/dataset/sparql/PassiveInputDevice,/Users/kelvinjou/Documents/GitHub/OntologyAgent/enhanced_xr.ttl,/Users/kelvinjou/Documents/GitHub/OntologyAgent/dataset/sparql/PassiveInputDevice/detached.ttl,/Users/kelvinjou/Documents/GitHub/OntologyAgent/dataset/sparql/PassiveInputDevice/modified_original.ttl,/Users/kelvinjou/Documents/GitHub/OntologyAgent/dataset/sparql/PassiveInputDevice/summary.txt,/Users/kelvinjou/Documents/GitHub/OntologyAgent/dataset/sparql/PassiveInputDevice/reinserted.ttl,/Users/kelvinjou/Documents/GitHub/OntologyAgent/dataset/sparql/PassiveInputDevice/raw_model_output_73b9c5fbf247461db344e29905bfedb2.txt,31.373858,True,True,12448,3502,15950,,
bd67905d1be645218c64b3ee35a7f9c0,2026-06-21T06:56:33.305715+00:00,CaveAutomaticVirtualEnvironment,qwen/qwen3.6-35b-a3b,agent,/Users/kelvinjou/Documents/GitHub/OntologyAgent/dataset/agent/CaveAutomaticVirtualEnvironment,/Users/kelvinjou/Documents/GitHub/OntologyAgent/enhanced_xr.ttl,/Users/kelvinjou/Documents/GitHub/OntologyAgent/dataset/agent/CaveAutomaticVirtualEnvironment/detached.ttl,/Users/kelvinjou/Documents/GitHub/OntologyAgent/dataset/agent/CaveAutomaticVirtualEnvironment/modified_original.ttl,/Users/kelvinjou/Documents/GitHub/OntologyAgent/dataset/agent/CaveAutomaticVirtualEnvironment/summary.txt,/Users/kelvinjou/Documents/GitHub/OntologyAgent/dataset/agent/CaveAutomaticVirtualEnvironment/reinserted.ttl,/Users/kelvinjou/Documents/GitHub/OntologyAgent/dataset/agent/CaveAutomaticVirtualEnvironment/raw_model_output_bd67905d1be645218c64b3ee35a7f9c0.txt,72.693587,True,,10893,8213,19106,,
bd67905d1be645218c64b3ee35a7f9c0,2026-06-21T06:57:46.006985+00:00,CaveAutomaticVirtualEnvironment,qwen/qwen3.6-35b-a3b,baseline,/Users/kelvinjou/Documents/GitHub/OntologyAgent/dataset/baseline/CaveAutomaticVirtualEnvironment,/Users/kelvinjou/Documents/GitHub/OntologyAgent/enhanced_xr.ttl,/Users/kelvinjou/Documents/GitHub/OntologyAgent/dataset/baseline/CaveAutomaticVirtualEnvironment/detached.ttl,/Users/kelvinjou/Documents/GitHub/OntologyAgent/dataset/baseline/CaveAutomaticVirtualEnvironment/modified_original.ttl,/Users/kelvinjou/Documents/GitHub/OntologyAgent/dataset/baseline/CaveAutomaticVirtualEnvironment/summary.txt,/Users/kelvinjou/Documents/GitHub/OntologyAgent/dataset/baseline/CaveAutomaticVirtualEnvironment/reinserted.ttl,/Users/kelvinjou/Documents/GitHub/OntologyAgent/dataset/baseline/CaveAutomaticVirtualEnvironment/raw_model_output_bd67905d1be645218c64b3ee35a7f9c0.txt,17.001829,True,,12400,1306,13706,,
bd67905d1be645218c64b3ee35a7f9c0,2026-06-21T06:58:03.010237+00:00,CaveAutomaticVirtualEnvironment,qwen/qwen3.6-35b-a3b,sparql,/Users/kelvinjou/Documents/GitHub/OntologyAgent/dataset/sparql/CaveAutomaticVirtualEnvironment,/Users/kelvinjou/Documents/GitHub/OntologyAgent/enhanced_xr.ttl,/Users/kelvinjou/Documents/GitHub/OntologyAgent/dataset/sparql/CaveAutomaticVirtualEnvironment/detached.ttl,/Users/kelvinjou/Documents/GitHub/OntologyAgent/dataset/sparql/CaveAutomaticVirtualEnvironment/modified_original.ttl,/Users/kelvinjou/Documents/GitHub/OntologyAgent/dataset/sparql/CaveAutomaticVirtualEnvironment/summary.txt,/Users/kelvinjou/Documents/GitHub/OntologyAgent/dataset/sparql/CaveAutomaticVirtualEnvironment/reinserted.ttl,/Users/kelvinjou/Documents/GitHub/OntologyAgent/dataset/sparql/CaveAutomaticVirtualEnvironment/raw_model_output_bd67905d1be645218c64b3ee35a7f9c0.txt,20.365886,True,True,12472,2259,14731,,
59ba0a659e7b44a8be67cf4fd988f99f,2026-06-21T07:00:12.362910+00:00,MagneticTracker,qwen/qwen3.6-35b-a3b,agent,/Users/kelvinjou/Documents/GitHub/OntologyAgent/dataset/agent/MagneticTracker,/Users/kelvinjou/Documents/GitHub/OntologyAgent/enhanced_xr.ttl,/Users/kelvinjou/Documents/GitHub/OntologyAgent/dataset/agent/MagneticTracker/detached.ttl,/Users/kelvinjou/Documents/GitHub/OntologyAgent/dataset/agent/MagneticTracker/modified_original.ttl,/Users/kelvinjou/Documents/GitHub/OntologyAgent/dataset/agent/MagneticTracker/summary.txt,/Users/kelvinjou/Documents/GitHub/OntologyAgent/dataset/agent/MagneticTracker/reinserted.ttl,/Users/kelvinjou/Documents/GitHub/OntologyAgent/dataset/agent/MagneticTracker/raw_model_output_59ba0a659e7b44a8be67cf4fd988f99f.txt,53.413929,True,,10200,5954,16154,,
59ba0a659e7b44a8be67cf4fd988f99f,2026-06-21T07:01:05.781462+00:00,MagneticTracker,qwen/qwen3.6-35b-a3b,baseline,/Users/kelvinjou/Documents/GitHub/OntologyAgent/dataset/baseline/MagneticTracker,/Users/kelvinjou/Documents/GitHub/OntologyAgent/enhanced_xr.ttl,/Users/kelvinjou/Documents/GitHub/OntologyAgent/dataset/baseline/MagneticTracker/detached.ttl,/Users/kelvinjou/Documents/GitHub/OntologyAgent/dataset/baseline/MagneticTracker/modified_original.ttl,/Users/kelvinjou/Documents/GitHub/OntologyAgent/dataset/baseline/MagneticTracker/summary.txt,/Users/kelvinjou/Documents/GitHub/OntologyAgent/dataset/baseline/MagneticTracker/reinserted.ttl,/Users/kelvinjou/Documents/GitHub/OntologyAgent/dataset/baseline/MagneticTracker/raw_model_output_59ba0a659e7b44a8be67cf4fd988f99f.txt,16.77973,True,,12281,1289,13570,,
be71dcfffb3245999c24040338c498f2,2026-06-21T16:17:20.401341+00:00,MagneticTracker,qwen/qwen3.6-35b-a3b,sparql,/Users/kelvinjou/Documents/GitHub/OntologyAgent/dataset/sparql/MagneticTracker,/Users/kelvinjou/Documents/GitHub/OntologyAgent/enhanced_xr.ttl,/Users/kelvinjou/Documents/GitHub/OntologyAgent/dataset/sparql/MagneticTracker/detached.ttl,/Users/kelvinjou/Documents/GitHub/OntologyAgent/dataset/sparql/MagneticTracker/modified_original.ttl,/Users/kelvinjou/Documents/GitHub/OntologyAgent/dataset/sparql/MagneticTracker/summary.txt,/Users/kelvinjou/Documents/GitHub/OntologyAgent/dataset/sparql/MagneticTracker/reinserted.ttl,/Users/kelvinjou/Documents/GitHub/OntologyAgent/dataset/sparql/MagneticTracker/raw_model_output_be71dcfffb3245999c24040338c498f2.txt,27.25557,True,True,12353,2165,14518,,
daf11e7d867c4f2f80465cddbf64e083,2026-06-21T16:19:24.289058+00:00,Ergonomics,qwen/qwen3.6-35b-a3b,agent,/Users/kelvinjou/Documents/GitHub/OntologyAgent/dataset/agent/Ergonomics,/Users/kelvinjou/Documents/GitHub/OntologyAgent/enhanced_xr.ttl,/Users/kelvinjou/Documents/GitHub/OntologyAgent/dataset/agent/Ergonomics/detached.ttl,/Users/kelvinjou/Documents/GitHub/OntologyAgent/dataset/agent/Ergonomics/modified_original.ttl,/Users/kelvinjou/Documents/GitHub/OntologyAgent/dataset/agent/Ergonomics/summary.txt,/Users/kelvinjou/Documents/GitHub/OntologyAgent/dataset/agent/Ergonomics/reinserted.ttl,/Users/kelvinjou/Documents/GitHub/OntologyAgent/dataset/agent/Ergonomics/raw_model_output_daf11e7d867c4f2f80465cddbf64e083.txt,36.723723,True,,8015,4042,12057,,
daf11e7d867c4f2f80465cddbf64e083,2026-06-21T16:20:01.016939+00:00,Ergonomics,qwen/qwen3.6-35b-a3b,baseline,/Users/kelvinjou/Documents/GitHub/OntologyAgent/dataset/baseline/Ergonomics,/Users/kelvinjou/Documents/GitHub/OntologyAgent/enhanced_xr.ttl,/Users/kelvinjou/Documents/GitHub/OntologyAgent/dataset/baseline/Ergonomics/detached.ttl,/Users/kelvinjou/Documents/GitHub/OntologyAgent/dataset/baseline/Ergonomics/modified_original.ttl,/Users/kelvinjou/Documents/GitHub/OntologyAgent/dataset/baseline/Ergonomics/summary.txt,/Users/kelvinjou/Documents/GitHub/OntologyAgent/dataset/baseline/Ergonomics/reinserted.ttl,/Users/kelvinjou/Documents/GitHub/OntologyAgent/dataset/baseline/Ergonomics/raw_model_output_daf11e7d867c4f2f80465cddbf64e083.txt,21.695333,True,,12239,1876,14115,,
daf11e7d867c4f2f80465cddbf64e083,2026-06-21T16:20:22.714338+00:00,Ergonomics,qwen/qwen3.6-35b-a3b,sparql,/Users/kelvinjou/Documents/GitHub/OntologyAgent/dataset/sparql/Ergonomics,/Users/kelvinjou/Documents/GitHub/OntologyAgent/enhanced_xr.ttl,/Users/kelvinjou/Documents/GitHub/OntologyAgent/dataset/sparql/Ergonomics/detached.ttl,/Users/kelvinjou/Documents/GitHub/OntologyAgent/dataset/sparql/Ergonomics/modified_original.ttl,/Users/kelvinjou/Documents/GitHub/OntologyAgent/dataset/sparql/Ergonomics/summary.txt,/Users/kelvinjou/Documents/GitHub/OntologyAgent/dataset/sparql/Ergonomics/reinserted.ttl,/Users/kelvinjou/Documents/GitHub/OntologyAgent/dataset/sparql/Ergonomics/raw_model_output_daf11e7d867c4f2f80465cddbf64e083.txt,26.938366,True,True,12311,3024,15335,,
4511b660ff004b3e98fdb045c9ad993f,2026-06-21T16:21:02.638318+00:00,SoftwareToolkit,qwen/qwen3.6-35b-a3b,agent,/Users/kelvinjou/Documents/GitHub/OntologyAgent/dataset/agent/SoftwareToolkit,/Users/kelvinjou/Documents/GitHub/OntologyAgent/enhanced_xr.ttl,/Users/kelvinjou/Documents/GitHub/OntologyAgent/dataset/agent/SoftwareToolkit/detached.ttl,/Users/kelvinjou/Documents/GitHub/OntologyAgent/dataset/agent/SoftwareToolkit/modified_original.ttl,/Users/kelvinjou/Documents/GitHub/OntologyAgent/dataset/agent/SoftwareToolkit/summary.txt,/Users/kelvinjou/Documents/GitHub/OntologyAgent/dataset/agent/SoftwareToolkit/reinserted.ttl,/Users/kelvinjou/Documents/GitHub/OntologyAgent/dataset/agent/SoftwareToolkit/raw_model_output_4511b660ff004b3e98fdb045c9ad993f.txt,95.890833,True,,11631,10877,22508,,
4511b660ff004b3e98fdb045c9ad993f,2026-06-21T16:22:38.540910+00:00,SoftwareToolkit,qwen/qwen3.6-35b-a3b,baseline,/Users/kelvinjou/Documents/GitHub/OntologyAgent/dataset/baseline/SoftwareToolkit,/Users/kelvinjou/Documents/GitHub/OntologyAgent/enhanced_xr.ttl,/Users/kelvinjou/Documents/GitHub/OntologyAgent/dataset/baseline/SoftwareToolkit/detached.ttl,/Users/kelvinjou/Documents/GitHub/OntologyAgent/dataset/baseline/SoftwareToolkit/modified_original.ttl,/Users/kelvinjou/Documents/GitHub/OntologyAgent/dataset/baseline/SoftwareToolkit/summary.txt,/Users/kelvinjou/Documents/GitHub/OntologyAgent/dataset/baseline/SoftwareToolkit/reinserted.ttl,/Users/kelvinjou/Documents/GitHub/OntologyAgent/dataset/baseline/SoftwareToolkit/raw_model_output_4511b660ff004b3e98fdb045c9ad993f.txt,23.275001,True,,12125,2041,14166,,
4511b660ff004b3e98fdb045c9ad993f,2026-06-21T16:23:01.817785+00:00,SoftwareToolkit,qwen/qwen3.6-35b-a3b,sparql,/Users/kelvinjou/Documents/GitHub/OntologyAgent/dataset/sparql/SoftwareToolkit,/Users/kelvinjou/Documents/GitHub/OntologyAgent/enhanced_xr.ttl,/Users/kelvinjou/Documents/GitHub/OntologyAgent/dataset/sparql/SoftwareToolkit/detached.ttl,/Users/kelvinjou/Documents/GitHub/OntologyAgent/dataset/sparql/SoftwareToolkit/modified_original.ttl,/Users/kelvinjou/Documents/GitHub/OntologyAgent/dataset/sparql/SoftwareToolkit/summary.txt,/Users/kelvinjou/Documents/GitHub/OntologyAgent/dataset/sparql/SoftwareToolkit/reinserted.ttl,/Users/kelvinjou/Documents/GitHub/OntologyAgent/dataset/sparql/SoftwareToolkit/raw_model_output_4511b660ff004b3e98fdb045c9ad993f.txt,17.798718,True,True,12197,1968,14165,,
0be777e2b8644c1ca910fc1f7b0fff69,2026-06-21T16:27:35.965069+00:00,TrackingSystem,qwen/qwen3.6-35b-a3b,agent,/Users/kelvinjou/Documents/GitHub/OntologyAgent/dataset/agent/TrackingSystem,/Users/kelvinjou/Documents/GitHub/OntologyAgent/enhanced_xr.ttl,/Users/kelvinjou/Documents/GitHub/OntologyAgent/dataset/agent/TrackingSystem/detached.ttl,/Users/kelvinjou/Documents/GitHub/OntologyAgent/dataset/agent/TrackingSystem/modified_original.ttl,/Users/kelvinjou/Documents/GitHub/OntologyAgent/dataset/agent/TrackingSystem/summary.txt,/Users/kelvinjou/Documents/GitHub/OntologyAgent/dataset/agent/TrackingSystem/reinserted.ttl,/Users/kelvinjou/Documents/GitHub/OntologyAgent/dataset/agent/TrackingSystem/raw_model_output_0be777e2b8644c1ca910fc1f7b0fff69.txt,38.632953,True,,9509,4223,13732,,
0be777e2b8644c1ca910fc1f7b0fff69,2026-06-21T16:28:14.605074+00:00,TrackingSystem,qwen/qwen3.6-35b-a3b,baseline,/Users/kelvinjou/Documents/GitHub/OntologyAgent/dataset/baseline/TrackingSystem,/Users/kelvinjou/Documents/GitHub/OntologyAgent/enhanced_xr.ttl,/Users/kelvinjou/Documents/GitHub/OntologyAgent/dataset/baseline/TrackingSystem/detached.ttl,/Users/kelvinjou/Documents/GitHub/OntologyAgent/dataset/baseline/TrackingSystem/modified_original.ttl,/Users/kelvinjou/Documents/GitHub/OntologyAgent/dataset/baseline/TrackingSystem/summary.txt,/Users/kelvinjou/Documents/GitHub/OntologyAgent/dataset/baseline/TrackingSystem/reinserted.ttl,/Users/kelvinjou/Documents/GitHub/OntologyAgent/dataset/baseline/TrackingSystem/raw_model_output_0be777e2b8644c1ca910fc1f7b0fff69.txt,33.91691,True,,12181,3273,15454,,
0be777e2b8644c1ca910fc1f7b0fff69,2026-06-21T16:28:48.524969+00:00,TrackingSystem,qwen/qwen3.6-35b-a3b,sparql,/Users/kelvinjou/Documents/GitHub/OntologyAgent/dataset/sparql/TrackingSystem,/Users/kelvinjou/Documents/GitHub/OntologyAgent/enhanced_xr.ttl,/Users/kelvinjou/Documents/GitHub/OntologyAgent/dataset/sparql/TrackingSystem/detached.ttl,/Users/kelvinjou/Documents/GitHub/OntologyAgent/dataset/sparql/TrackingSystem/modified_original.ttl,/Users/kelvinjou/Documents/GitHub/OntologyAgent/dataset/sparql/TrackingSystem/summary.txt,/Users/kelvinjou/Documents/GitHub/OntologyAgent/dataset/sparql/TrackingSystem/reinserted.ttl,/Users/kelvinjou/Documents/GitHub/OntologyAgent/dataset/sparql/TrackingSystem/raw_model_output_0be777e2b8644c1ca910fc1f7b0fff69.txt,36.756335,True,True,12253,4120,16373,,
ba462ea1d80c492d9a17003426dd2389,2026-06-22T01:02:35.135376+00:00,InputDevice,qwen/qwen3.6-35b-a3b,agent,/Users/kelvinjou/Documents/GitHub/OntologyAgent/dataset/agent/InputDevice,/Users/kelvinjou/Documents/GitHub/OntologyAgent/enhanced_xr.ttl,/Users/kelvinjou/Documents/GitHub/OntologyAgent/dataset/agent/InputDevice/detached.ttl,/Users/kelvinjou/Documents/GitHub/OntologyAgent/dataset/agent/InputDevice/modified_original.ttl,/Users/kelvinjou/Documents/GitHub/OntologyAgent/dataset/agent/InputDevice/summary.txt,/Users/kelvinjou/Documents/GitHub/OntologyAgent/dataset/agent/InputDevice/reinserted.ttl,/Users/kelvinjou/Documents/GitHub/OntologyAgent/dataset/agent/InputDevice/raw_model_output_ba462ea1d80c492d9a17003426dd2389.txt,60.807846,True,,7934,6576,14510,,
82eb5e54e7304edc93ab74b635836d2c,2026-06-21T17:01:26.467330+00:00,InputDevice,qwen/qwen3.6-35b-a3b,baseline,/Users/kelvinjou/Documents/GitHub/OntologyAgent/dataset/baseline/InputDevice,/Users/kelvinjou/Documents/GitHub/OntologyAgent/enhanced_xr.ttl,/Users/kelvinjou/Documents/GitHub/OntologyAgent/dataset/baseline/InputDevice/detached.ttl,/Users/kelvinjou/Documents/GitHub/OntologyAgent/dataset/baseline/InputDevice/modified_original.ttl,/Users/kelvinjou/Documents/GitHub/OntologyAgent/dataset/baseline/InputDevice/summary.txt,/Users/kelvinjou/Documents/GitHub/OntologyAgent/dataset/baseline/InputDevice/reinserted.ttl,/Users/kelvinjou/Documents/GitHub/OntologyAgent/dataset/baseline/InputDevice/raw_model_output_82eb5e54e7304edc93ab74b635836d2c.txt,33.437121,True,,12063,3109,15172,,
82eb5e54e7304edc93ab74b635836d2c,2026-06-21T17:01:59.906859+00:00,InputDevice,qwen/qwen3.6-35b-a3b,sparql,/Users/kelvinjou/Documents/GitHub/OntologyAgent/dataset/sparql/InputDevice,/Users/kelvinjou/Documents/GitHub/OntologyAgent/enhanced_xr.ttl,/Users/kelvinjou/Documents/GitHub/OntologyAgent/dataset/sparql/InputDevice/detached.ttl,/Users/kelvinjou/Documents/GitHub/OntologyAgent/dataset/sparql/InputDevice/modified_original.ttl,/Users/kelvinjou/Documents/GitHub/OntologyAgent/dataset/sparql/InputDevice/summary.txt,/Users/kelvinjou/Documents/GitHub/OntologyAgent/dataset/sparql/InputDevice/reinserted.ttl,/Users/kelvinjou/Documents/GitHub/OntologyAgent/dataset/sparql/InputDevice/raw_model_output_82eb5e54e7304edc93ab74b635836d2c.txt,25.592368,True,True,12135,2851,14986,,
faf391329464433d8c58a67411deb9b0,2026-06-22T00:59:13.428661+00:00,OutputDevice,qwen/qwen3.6-35b-a3b,agent,/Users/kelvinjou/Documents/GitHub/OntologyAgent/dataset/agent/OutputDevice,/Users/kelvinjou/Documents/GitHub/OntologyAgent/enhanced_xr.ttl,/Users/kelvinjou/Documents/GitHub/OntologyAgent/dataset/agent/OutputDevice/detached.ttl,/Users/kelvinjou/Documents/GitHub/OntologyAgent/dataset/agent/OutputDevice/modified_original.ttl,/Users/kelvinjou/Documents/GitHub/OntologyAgent/dataset/agent/OutputDevice/summary.txt,/Users/kelvinjou/Documents/GitHub/OntologyAgent/dataset/agent/OutputDevice/reinserted.ttl,/Users/kelvinjou/Documents/GitHub/OntologyAgent/dataset/agent/OutputDevice/raw_model_output_faf391329464433d8c58a67411deb9b0.txt,36.688553,True,,6766,4055,10821,,
faf391329464433d8c58a67411deb9b0,2026-06-22T00:59:50.121098+00:00,OutputDevice,qwen/qwen3.6-35b-a3b,baseline,/Users/kelvinjou/Documents/GitHub/OntologyAgent/dataset/baseline/OutputDevice,/Users/kelvinjou/Documents/GitHub/OntologyAgent/enhanced_xr.ttl,/Users/kelvinjou/Documents/GitHub/OntologyAgent/dataset/baseline/OutputDevice/detached.ttl,/Users/kelvinjou/Documents/GitHub/OntologyAgent/dataset/baseline/OutputDevice/modified_original.ttl,/Users/kelvinjou/Documents/GitHub/OntologyAgent/dataset/baseline/OutputDevice/summary.txt,/Users/kelvinjou/Documents/GitHub/OntologyAgent/dataset/baseline/OutputDevice/reinserted.ttl,/Users/kelvinjou/Documents/GitHub/OntologyAgent/dataset/baseline/OutputDevice/raw_model_output_faf391329464433d8c58a67411deb9b0.txt,25.220118,True,,12397,2271,14668,,
faf391329464433d8c58a67411deb9b0,2026-06-22T01:00:15.343077+00:00,OutputDevice,qwen/qwen3.6-35b-a3b,sparql,/Users/kelvinjou/Documents/GitHub/OntologyAgent/dataset/sparql/OutputDevice,/Users/kelvinjou/Documents/GitHub/OntologyAgent/enhanced_xr.ttl,/Users/kelvinjou/Documents/GitHub/OntologyAgent/dataset/sparql/OutputDevice/detached.ttl,/Users/kelvinjou/Documents/GitHub/OntologyAgent/dataset/sparql/OutputDevice/modified_original.ttl,/Users/kelvinjou/Documents/GitHub/OntologyAgent/dataset/sparql/OutputDevice/summary.txt,/Users/kelvinjou/Documents/GitHub/OntologyAgent/dataset/sparql/OutputDevice/reinserted.ttl,/Users/kelvinjou/Documents/GitHub/OntologyAgent/dataset/sparql/OutputDevice/raw_model_output_faf391329464433d8c58a67411deb9b0.txt,25.1178,True,True,12469,2813,15282,,
5478c2b8a0e24f75bf8499245ee0304e,2026-06-22T01:05:26.604386+00:00,PerceptualFactor,qwen/qwen3.6-35b-a3b,agent,/Users/kelvinjou/Documents/GitHub/OntologyAgent/dataset/agent/PerceptualFactor,/Users/kelvinjou/Documents/GitHub/OntologyAgent/enhanced_xr.ttl,/Users/kelvinjou/Documents/GitHub/OntologyAgent/dataset/agent/PerceptualFactor/detached.ttl,/Users/kelvinjou/Documents/GitHub/OntologyAgent/dataset/agent/PerceptualFactor/modified_original.ttl,/Users/kelvinjou/Documents/GitHub/OntologyAgent/dataset/agent/PerceptualFactor/summary.txt,/Users/kelvinjou/Documents/GitHub/OntologyAgent/dataset/agent/PerceptualFactor/reinserted.ttl,/Users/kelvinjou/Documents/GitHub/OntologyAgent/dataset/agent/PerceptualFactor/raw_model_output_5478c2b8a0e24f75bf8499245ee0304e.txt,48.434092,True,,8856,5368,14224,,
5478c2b8a0e24f75bf8499245ee0304e,2026-06-22T01:06:15.050357+00:00,PerceptualFactor,qwen/qwen3.6-35b-a3b,baseline,/Users/kelvinjou/Documents/GitHub/OntologyAgent/dataset/baseline/PerceptualFactor,/Users/kelvinjou/Documents/GitHub/OntologyAgent/enhanced_xr.ttl,/Users/kelvinjou/Documents/GitHub/OntologyAgent/dataset/baseline/PerceptualFactor/detached.ttl,/Users/kelvinjou/Documents/GitHub/OntologyAgent/dataset/baseline/PerceptualFactor/modified_original.ttl,/Users/kelvinjou/Documents/GitHub/OntologyAgent/dataset/baseline/PerceptualFactor/summary.txt,/Users/kelvinjou/Documents/GitHub/OntologyAgent/dataset/baseline/PerceptualFactor/reinserted.ttl,/Users/kelvinjou/Documents/GitHub/OntologyAgent/dataset/baseline/PerceptualFactor/raw_model_output_5478c2b8a0e24f75bf8499245ee0304e.txt,38.174948,True,,11776,3761,15537,,
5478c2b8a0e24f75bf8499245ee0304e,2026-06-22T01:06:53.226676+00:00,PerceptualFactor,qwen/qwen3.6-35b-a3b,sparql,/Users/kelvinjou/Documents/GitHub/OntologyAgent/dataset/sparql/PerceptualFactor,/Users/kelvinjou/Documents/GitHub/OntologyAgent/enhanced_xr.ttl,/Users/kelvinjou/Documents/GitHub/OntologyAgent/dataset/sparql/PerceptualFactor/detached.ttl,/Users/kelvinjou/Documents/GitHub/OntologyAgent/dataset/sparql/PerceptualFactor/modified_original.ttl,/Users/kelvinjou/Documents/GitHub/OntologyAgent/dataset/sparql/PerceptualFactor/summary.txt,/Users/kelvinjou/Documents/GitHub/OntologyAgent/dataset/sparql/PerceptualFactor/reinserted.ttl,/Users/kelvinjou/Documents/GitHub/OntologyAgent/dataset/sparql/PerceptualFactor/raw_model_output_5478c2b8a0e24f75bf8499245ee0304e.txt,34.408222,True,True,11848,3849,15697,,
04a42b4da2e449e39cc94d6512a2ca3a,2026-06-22T01:16:58.435588+00:00,CognitiveFactor,qwen/qwen3.6-35b-a3b,agent,/Users/kelvinjou/Documents/GitHub/OntologyAgent/dataset/agent/CognitiveFactor,/Users/kelvinjou/Documents/GitHub/OntologyAgent/enhanced_xr.ttl,/Users/kelvinjou/Documents/GitHub/OntologyAgent/dataset/agent/CognitiveFactor/detached.ttl,/Users/kelvinjou/Documents/GitHub/OntologyAgent/dataset/agent/CognitiveFactor/modified_original.ttl,/Users/kelvinjou/Documents/GitHub/OntologyAgent/dataset/agent/CognitiveFactor/summary.txt,/Users/kelvinjou/Documents/GitHub/OntologyAgent/dataset/agent/CognitiveFactor/reinserted.ttl,/Users/kelvinjou/Documents/GitHub/OntologyAgent/dataset/agent/CognitiveFactor/raw_model_output_04a42b4da2e449e39cc94d6512a2ca3a.txt,37.802393,True,,10237,4128,14365,,
04a42b4da2e449e39cc94d6512a2ca3a,2026-06-22T01:17:36.246752+00:00,CognitiveFactor,qwen/qwen3.6-35b-a3b,baseline,/Users/kelvinjou/Documents/GitHub/OntologyAgent/dataset/baseline/CognitiveFactor,/Users/kelvinjou/Documents/GitHub/OntologyAgent/enhanced_xr.ttl,/Users/kelvinjou/Documents/GitHub/OntologyAgent/dataset/baseline/CognitiveFactor/detached.ttl,/Users/kelvinjou/Documents/GitHub/OntologyAgent/dataset/baseline/CognitiveFactor/modified_original.ttl,/Users/kelvinjou/Documents/GitHub/OntologyAgent/dataset/baseline/CognitiveFactor/summary.txt,/Users/kelvinjou/Documents/GitHub/OntologyAgent/dataset/baseline/CognitiveFactor/reinserted.ttl,/Users/kelvinjou/Documents/GitHub/OntologyAgent/dataset/baseline/CognitiveFactor/raw_model_output_04a42b4da2e449e39cc94d6512a2ca3a.txt,22.651064,True,,12633,1941,14574,,
04a42b4da2e449e39cc94d6512a2ca3a,2026-06-22T01:17:58.899757+00:00,CognitiveFactor,qwen/qwen3.6-35b-a3b,sparql,/Users/kelvinjou/Documents/GitHub/OntologyAgent/dataset/sparql/CognitiveFactor,/Users/kelvinjou/Documents/GitHub/OntologyAgent/enhanced_xr.ttl,/Users/kelvinjou/Documents/GitHub/OntologyAgent/dataset/sparql/CognitiveFactor/detached.ttl,/Users/kelvinjou/Documents/GitHub/OntologyAgent/dataset/sparql/CognitiveFactor/modified_original.ttl,/Users/kelvinjou/Documents/GitHub/OntologyAgent/dataset/sparql/CognitiveFactor/summary.txt,/Users/kelvinjou/Documents/GitHub/OntologyAgent/dataset/sparql/CognitiveFactor/reinserted.ttl,/Users/kelvinjou/Documents/GitHub/OntologyAgent/dataset/sparql/CognitiveFactor/raw_model_output_04a42b4da2e449e39cc94d6512a2ca3a.txt,25.059095,True,True,12705,2802,15507,,
fb95acd4ad3640ecb695f4c4f176ca38,2026-06-22T01:21:04.846084+00:00,SelectionTechnique,qwen/qwen3.6-35b-a3b,agent,/Users/kelvinjou/Documents/GitHub/OntologyAgent/dataset/agent/SelectionTechnique,/Users/kelvinjou/Documents/GitHub/OntologyAgent/enhanced_xr.ttl,/Users/kelvinjou/Documents/GitHub/OntologyAgent/dataset/agent/SelectionTechnique/detached.ttl,/Users/kelvinjou/Documents/GitHub/OntologyAgent/dataset/agent/SelectionTechnique/modified_original.ttl,/Users/kelvinjou/Documents/GitHub/OntologyAgent/dataset/agent/SelectionTechnique/summary.txt,/Users/kelvinjou/Documents/GitHub/OntologyAgent/dataset/agent/SelectionTechnique/reinserted.ttl,/Users/kelvinjou/Documents/GitHub/OntologyAgent/dataset/agent/SelectionTechnique/raw_model_output_fb95acd4ad3640ecb695f4c4f176ca38.txt,4.391261,True,,2307,281,2588,,
fb95acd4ad3640ecb695f4c4f176ca38,2026-06-22T01:21:09.241422+00:00,SelectionTechnique,qwen/qwen3.6-35b-a3b,baseline,/Users/kelvinjou/Documents/GitHub/OntologyAgent/dataset/baseline/SelectionTechnique,/Users/kelvinjou/Documents/GitHub/OntologyAgent/enhanced_xr.ttl,/Users/kelvinjou/Documents/GitHub/OntologyAgent/dataset/baseline/SelectionTechnique/detached.ttl,/Users/kelvinjou/Documents/GitHub/OntologyAgent/dataset/baseline/SelectionTechnique/modified_original.ttl,/Users/kelvinjou/Documents/GitHub/OntologyAgent/dataset/baseline/SelectionTechnique/summary.txt,/Users/kelvinjou/Documents/GitHub/OntologyAgent/dataset/baseline/SelectionTechnique/reinserted.ttl,/Users/kelvinjou/Documents/GitHub/OntologyAgent/dataset/baseline/SelectionTechnique/raw_model_output_fb95acd4ad3640ecb695f4c4f176ca38.txt,24.113606,True,,11965,2176,14141,,
fb95acd4ad3640ecb695f4c4f176ca38,2026-06-22T01:21:33.356707+00:00,SelectionTechnique,qwen/qwen3.6-35b-a3b,sparql,/Users/kelvinjou/Documents/GitHub/OntologyAgent/dataset/sparql/SelectionTechnique,/Users/kelvinjou/Documents/GitHub/OntologyAgent/enhanced_xr.ttl,/Users/kelvinjou/Documents/GitHub/OntologyAgent/dataset/sparql/SelectionTechnique/detached.ttl,/Users/kelvinjou/Documents/GitHub/OntologyAgent/dataset/sparql/SelectionTechnique/modified_original.ttl,/Users/kelvinjou/Documents/GitHub/OntologyAgent/dataset/sparql/SelectionTechnique/summary.txt,/Users/kelvinjou/Documents/GitHub/OntologyAgent/dataset/sparql/SelectionTechnique/reinserted.ttl,/Users/kelvinjou/Documents/GitHub/OntologyAgent/dataset/sparql/SelectionTechnique/raw_model_output_fb95acd4ad3640ecb695f4c4f176ca38.txt,40.335873,True,True,12037,4537,16574,,
9c3b1934ba4247798b429e7197b72e7f,2026-06-22T01:26:03.894792+00:00,ManipulationTechnique,qwen/qwen3.6-35b-a3b,agent,/Users/kelvinjou/Documents/GitHub/OntologyAgent/dataset/agent/ManipulationTechnique,/Users/kelvinjou/Documents/GitHub/OntologyAgent/enhanced_xr.ttl,/Users/kelvinjou/Documents/GitHub/OntologyAgent/dataset/agent/ManipulationTechnique/detached.ttl,/Users/kelvinjou/Documents/GitHub/OntologyAgent/dataset/agent/ManipulationTechnique/modified_original.ttl,/Users/kelvinjou/Documents/GitHub/OntologyAgent/dataset/agent/ManipulationTechnique/summary.txt,/Users/kelvinjou/Documents/GitHub/OntologyAgent/dataset/agent/ManipulationTechnique/reinserted.ttl,/Users/kelvinjou/Documents/GitHub/OntologyAgent/dataset/agent/ManipulationTechnique/raw_model_output_9c3b1934ba4247798b429e7197b72e7f.txt,41.018195,True,,8914,4488,13402,,
9c3b1934ba4247798b429e7197b72e7f,2026-06-22T01:26:44.919608+00:00,ManipulationTechnique,qwen/qwen3.6-35b-a3b,baseline,/Users/kelvinjou/Documents/GitHub/OntologyAgent/dataset/baseline/ManipulationTechnique,/Users/kelvinjou/Documents/GitHub/OntologyAgent/enhanced_xr.ttl,/Users/kelvinjou/Documents/GitHub/OntologyAgent/dataset/baseline/ManipulationTechnique/detached.ttl,/Users/kelvinjou/Documents/GitHub/OntologyAgent/dataset/baseline/ManipulationTechnique/modified_original.ttl,/Users/kelvinjou/Documents/GitHub/OntologyAgent/dataset/baseline/ManipulationTechnique/summary.txt,/Users/kelvinjou/Documents/GitHub/OntologyAgent/dataset/baseline/ManipulationTechnique/reinserted.ttl,/Users/kelvinjou/Documents/GitHub/OntologyAgent/dataset/baseline/ManipulationTechnique/raw_model_output_9c3b1934ba4247798b429e7197b72e7f.txt,32.429883,True,,11763,3110,14873,,
9c3b1934ba4247798b429e7197b72e7f,2026-06-22T01:27:17.350804+00:00,ManipulationTechnique,qwen/qwen3.6-35b-a3b,sparql,/Users/kelvinjou/Documents/GitHub/OntologyAgent/dataset/sparql/ManipulationTechnique,/Users/kelvinjou/Documents/GitHub/OntologyAgent/enhanced_xr.ttl,/Users/kelvinjou/Documents/GitHub/OntologyAgent/dataset/sparql/ManipulationTechnique/detached.ttl,/Users/kelvinjou/Documents/GitHub/OntologyAgent/dataset/sparql/ManipulationTechnique/modified_original.ttl,/Users/kelvinjou/Documents/GitHub/OntologyAgent/dataset/sparql/ManipulationTechnique/summary.txt,/Users/kelvinjou/Documents/GitHub/OntologyAgent/dataset/sparql/ManipulationTechnique/reinserted.ttl,/Users/kelvinjou/Documents/GitHub/OntologyAgent/dataset/sparql/ManipulationTechnique/raw_model_output_9c3b1934ba4247798b429e7197b72e7f.txt,45.358615,True,True,11835,5109,16944,,
53d2c5fc41754a6dabfe37f8e5c30df8,2026-06-22T01:33:06.847701+00:00,TravelTechnique,qwen/qwen3.6-35b-a3b,agent,/Users/kelvinjou/Documents/GitHub/OntologyAgent/dataset/agent/TravelTechnique,/Users/kelvinjou/Documents/GitHub/OntologyAgent/enhanced_xr.ttl,/Users/kelvinjou/Documents/GitHub/OntologyAgent/dataset/agent/TravelTechnique/detached.ttl,/Users/kelvinjou/Documents/GitHub/OntologyAgent/dataset/agent/TravelTechnique/modified_original.ttl,/Users/kelvinjou/Documents/GitHub/OntologyAgent/dataset/agent/TravelTechnique/summary.txt,/Users/kelvinjou/Documents/GitHub/OntologyAgent/dataset/agent/TravelTechnique/reinserted.ttl,/Users/kelvinjou/Documents/GitHub/OntologyAgent/dataset/agent/TravelTechnique/raw_model_output_53d2c5fc41754a6dabfe37f8e5c30df8.txt,28.419418,True,,9192,2991,12183,,
53d2c5fc41754a6dabfe37f8e5c30df8,2026-06-22T01:33:35.270669+00:00,TravelTechnique,qwen/qwen3.6-35b-a3b,baseline,/Users/kelvinjou/Documents/GitHub/OntologyAgent/dataset/baseline/TravelTechnique,/Users/kelvinjou/Documents/GitHub/OntologyAgent/enhanced_xr.ttl,/Users/kelvinjou/Documents/GitHub/OntologyAgent/dataset/baseline/TravelTechnique/detached.ttl,/Users/kelvinjou/Documents/GitHub/OntologyAgent/dataset/baseline/TravelTechnique/modified_original.ttl,/Users/kelvinjou/Documents/GitHub/OntologyAgent/dataset/baseline/TravelTechnique/summary.txt,/Users/kelvinjou/Documents/GitHub/OntologyAgent/dataset/baseline/TravelTechnique/reinserted.ttl,/Users/kelvinjou/Documents/GitHub/OntologyAgent/dataset/baseline/TravelTechnique/raw_model_output_53d2c5fc41754a6dabfe37f8e5c30df8.txt,33.30465,True,,11810,3224,15034,,
53d2c5fc41754a6dabfe37f8e5c30df8,2026-06-22T01:34:08.577503+00:00,TravelTechnique,qwen/qwen3.6-35b-a3b,sparql,/Users/kelvinjou/Documents/GitHub/OntologyAgent/dataset/sparql/TravelTechnique,/Users/kelvinjou/Documents/GitHub/OntologyAgent/enhanced_xr.ttl,/Users/kelvinjou/Documents/GitHub/OntologyAgent/dataset/sparql/TravelTechnique/detached.ttl,/Users/kelvinjou/Documents/GitHub/OntologyAgent/dataset/sparql/TravelTechnique/modified_original.ttl,/Users/kelvinjou/Documents/GitHub/OntologyAgent/dataset/sparql/TravelTechnique/summary.txt,/Users/kelvinjou/Documents/GitHub/OntologyAgent/dataset/sparql/TravelTechnique/reinserted.ttl,/Users/kelvinjou/Documents/GitHub/OntologyAgent/dataset/sparql/TravelTechnique/raw_model_output_53d2c5fc41754a6dabfe37f8e5c30df8.txt,37.137508,True,True,11882,4176,16058,,
30dc61a90ca44e0c89ff4077af703b16,2026-06-22T01:43:21.700173+00:00,SystemControlTechnique,qwen/qwen3.6-35b-a3b,agent,/Users/kelvinjou/Documents/GitHub/OntologyAgent/dataset/agent/SystemControlTechnique,/Users/kelvinjou/Documents/GitHub/OntologyAgent/enhanced_xr.ttl,/Users/kelvinjou/Documents/GitHub/OntologyAgent/dataset/agent/SystemControlTechnique/detached.ttl,/Users/kelvinjou/Documents/GitHub/OntologyAgent/dataset/agent/SystemControlTechnique/modified_original.ttl,/Users/kelvinjou/Documents/GitHub/OntologyAgent/dataset/agent/SystemControlTechnique/summary.txt,/Users/kelvinjou/Documents/GitHub/OntologyAgent/dataset/agent/SystemControlTechnique/reinserted.ttl,/Users/kelvinjou/Documents/GitHub/OntologyAgent/dataset/agent/SystemControlTechnique/raw_model_output_30dc61a90ca44e0c89ff4077af703b16.txt,88.179099,True,,6698,10109,16807,,
30dc61a90ca44e0c89ff4077af703b16,2026-06-22T01:44:49.883630+00:00,SystemControlTechnique,qwen/qwen3.6-35b-a3b,baseline,/Users/kelvinjou/Documents/GitHub/OntologyAgent/dataset/baseline/SystemControlTechnique,/Users/kelvinjou/Documents/GitHub/OntologyAgent/enhanced_xr.ttl,/Users/kelvinjou/Documents/GitHub/OntologyAgent/dataset/baseline/SystemControlTechnique/detached.ttl,/Users/kelvinjou/Documents/GitHub/OntologyAgent/dataset/baseline/SystemControlTechnique/modified_original.ttl,/Users/kelvinjou/Documents/GitHub/OntologyAgent/dataset/baseline/SystemControlTechnique/summary.txt,/Users/kelvinjou/Documents/GitHub/OntologyAgent/dataset/baseline/SystemControlTechnique/reinserted.ttl,/Users/kelvinjou/Documents/GitHub/OntologyAgent/dataset/baseline/SystemControlTechnique/raw_model_output_30dc61a90ca44e0c89ff4077af703b16.txt,38.440764,True,,11956,3756,15712,,
30dc61a90ca44e0c89ff4077af703b16,2026-06-22T01:45:28.326361+00:00,SystemControlTechnique,qwen/qwen3.6-35b-a3b,sparql,/Users/kelvinjou/Documents/GitHub/OntologyAgent/dataset/sparql/SystemControlTechnique,/Users/kelvinjou/Documents/GitHub/OntologyAgent/enhanced_xr.ttl,/Users/kelvinjou/Documents/GitHub/OntologyAgent/dataset/sparql/SystemControlTechnique/detached.ttl,/Users/kelvinjou/Documents/GitHub/OntologyAgent/dataset/sparql/SystemControlTechnique/modified_original.ttl,/Users/kelvinjou/Documents/GitHub/OntologyAgent/dataset/sparql/SystemControlTechnique/summary.txt,/Users/kelvinjou/Documents/GitHub/OntologyAgent/dataset/sparql/SystemControlTechnique/reinserted.ttl,/Users/kelvinjou/Documents/GitHub/OntologyAgent/dataset/sparql/SystemControlTechnique/raw_model_output_30dc61a90ca44e0c89ff4077af703b16.txt,35.692961,True,True,12028,3926,15954,,
