run_id,community_pruned,experiment_type,status,direction,subject,predicate,object
0be004dc45e44961a5309c62a43abad8,WayfindingTechnique,agent,recovered,community_to_global,:WayfindingTechnique,rdfs:subClassOf,:InteractionTechnique
0be004dc45e44961a5309c62a43abad8,WayfindingTechnique,agent,missed,community_to_global,:ArchitecturalSubdivisions,:coveredInChapter,:Ch8
0be004dc45e44961a5309c62a43abad8,WayfindingTechnique,agent,missed,community_to_global,:ArchitecturalSubdivisions,:supportsTask,:WayfindingTask
0be004dc45e44961a5309c62a43abad8,WayfindingTechnique,agent,missed,community_to_global,:Breadcrumbs,:coveredInChapter,:Ch8
0be004dc45e44961a5309c62a43abad8,WayfindingTechnique,agent,missed,community_to_global,:Breadcrumbs,:supportsTask,:WayfindingTask
0be004dc45e44961a5309c62a43abad8,WayfindingTechnique,agent,missed,community_to_global,:Compass,:coveredInChapter,:Ch8
0be004dc45e44961a5309c62a43abad8,WayfindingTechnique,agent,missed,community_to_global,:Compass,:supportsTask,:WayfindingTask
0be004dc45e44961a5309c62a43abad8,WayfindingTechnique,agent,missed,community_to_global,:Signage,:coveredInChapter,:Ch8
0be004dc45e44961a5309c62a43abad8,WayfindingTechnique,agent,missed,community_to_global,:Signage,:supportsTask,:WayfindingTask
0be004dc45e44961a5309c62a43abad8,WayfindingTechnique,agent,missed,community_to_global,:TrailCues,:coveredInChapter,:Ch8
0be004dc45e44961a5309c62a43abad8,WayfindingTechnique,agent,missed,community_to_global,:TrailCues,:supportsTask,:WayfindingTask
0be004dc45e44961a5309c62a43abad8,WayfindingTechnique,agent,missed,community_to_global,:VirtualMap,:coveredInChapter,:Ch8
0be004dc45e44961a5309c62a43abad8,WayfindingTechnique,agent,missed,community_to_global,:VirtualMap,:supportsTask,:WayfindingTask
0be004dc45e44961a5309c62a43abad8,WayfindingTechnique,agent,missed,community_to_global,:WayfindingTechnique,:coveredInChapter,:Ch8
0be004dc45e44961a5309c62a43abad8,WayfindingTechnique,baseline,recovered,community_to_global,:WayfindingTechnique,rdfs:subClassOf,:InteractionTechnique
0be004dc45e44961a5309c62a43abad8,WayfindingTechnique,baseline,missed,community_to_global,:ArchitecturalSubdivisions,:coveredInChapter,:Ch8
0be004dc45e44961a5309c62a43abad8,WayfindingTechnique,baseline,missed,community_to_global,:ArchitecturalSubdivisions,:supportsTask,:WayfindingTask
0be004dc45e44961a5309c62a43abad8,WayfindingTechnique,baseline,missed,community_to_global,:Breadcrumbs,:coveredInChapter,:Ch8
0be004dc45e44961a5309c62a43abad8,WayfindingTechnique,baseline,missed,community_to_global,:Breadcrumbs,:supportsTask,:WayfindingTask
0be004dc45e44961a5309c62a43abad8,WayfindingTechnique,baseline,missed,community_to_global,:Compass,:coveredInChapter,:Ch8
0be004dc45e44961a5309c62a43abad8,WayfindingTechnique,baseline,missed,community_to_global,:Compass,:supportsTask,:WayfindingTask
0be004dc45e44961a5309c62a43abad8,WayfindingTechnique,baseline,missed,community_to_global,:Signage,:coveredInChapter,:Ch8
0be004dc45e44961a5309c62a43abad8,WayfindingTechnique,baseline,missed,community_to_global,:Signage,:supportsTask,:WayfindingTask
0be004dc45e44961a5309c62a43abad8,WayfindingTechnique,baseline,missed,community_to_global,:TrailCues,:coveredInChapter,:Ch8
0be004dc45e44961a5309c62a43abad8,WayfindingTechnique,baseline,missed,community_to_global,:TrailCues,:supportsTask,:WayfindingTask
0be004dc45e44961a5309c62a43abad8,WayfindingTechnique,baseline,missed,community_to_global,:VirtualMap,:coveredInChapter,:Ch8
0be004dc45e44961a5309c62a43abad8,WayfindingTechnique,baseline,missed,community_to_global,:VirtualMap,:supportsTask,:WayfindingTask
0be004dc45e44961a5309c62a43abad8,WayfindingTechnique,baseline,missed,community_to_global,:WayfindingTechnique,:coveredInChapter,:Ch8
0be004dc45e44961a5309c62a43abad8,WayfindingTechnique,sparql,recovered,community_to_global,:ArchitecturalSubdivisions,:supportsTask,:WayfindingTask
0be004dc45e44961a5309c62a43abad8,WayfindingTechnique,sparql,recovered,community_to_global,:Breadcrumbs,:supportsTask,:WayfindingTask
0be004dc45e44961a5309c62a43abad8,WayfindingTechnique,sparql,recovered,community_to_global,:Compass,:supportsTask,:WayfindingTask
0be004dc45e44961a5309c62a43abad8,WayfindingTechnique,sparql,recovered,community_to_global,:Signage,:supportsTask,:WayfindingTask
0be004dc45e44961a5309c62a43abad8,WayfindingTechnique,sparql,recovered,community_to_global,:TrailCues,:supportsTask,:WayfindingTask
0be004dc45e44961a5309c62a43abad8,WayfindingTechnique,sparql,recovered,community_to_global,:VirtualMap,:supportsTask,:WayfindingTask
0be004dc45e44961a5309c62a43abad8,WayfindingTechnique,sparql,recovered,community_to_global,:WayfindingTechnique,:coveredInChapter,:Ch8
0be004dc45e44961a5309c62a43abad8,WayfindingTechnique,sparql,recovered,community_to_global,:WayfindingTechnique,rdfs:subClassOf,:InteractionTechnique
0be004dc45e44961a5309c62a43abad8,WayfindingTechnique,sparql,missed,community_to_global,:ArchitecturalSubdivisions,:coveredInChapter,:Ch8
0be004dc45e44961a5309c62a43abad8,WayfindingTechnique,sparql,missed,community_to_global,:Breadcrumbs,:coveredInChapter,:Ch8
0be004dc45e44961a5309c62a43abad8,WayfindingTechnique,sparql,missed,community_to_global,:Compass,:coveredInChapter,:Ch8
0be004dc45e44961a5309c62a43abad8,WayfindingTechnique,sparql,missed,community_to_global,:Signage,:coveredInChapter,:Ch8
0be004dc45e44961a5309c62a43abad8,WayfindingTechnique,sparql,missed,community_to_global,:TrailCues,:coveredInChapter,:Ch8
0be004dc45e44961a5309c62a43abad8,WayfindingTechnique,sparql,missed,community_to_global,:VirtualMap,:coveredInChapter,:Ch8
0be004dc45e44961a5309c62a43abad8,WayfindingTechnique,sparql,extra,community_to_global,:WayfindingTechnique,:supportsTask,:WayfindingTask
3d52853c04f04be8bddc6ddfaf6bf361,DisplayDevice,agent,recovered,community_to_global,:DisplayDevice,rdfs:subClassOf,:HardwareComponent
3d52853c04f04be8bddc6ddfaf6bf361,DisplayDevice,agent,missed,community_to_global,:AutostereoscopicDisplay,:coveredInChapter,:Ch4
3d52853c04f04be8bddc6ddfaf6bf361,DisplayDevice,agent,missed,community_to_global,:CaveAutomaticVirtualEnvironment,:coveredInChapter,:Ch4
3d52853c04f04be8bddc6ddfaf6bf361,DisplayDevice,agent,missed,community_to_global,:DisplayDevice,:coveredInChapter,:Ch4
3d52853c04f04be8bddc6ddfaf6bf361,DisplayDevice,agent,missed,community_to_global,:HeadMountedDisplay,:coveredInChapter,:Ch4
3d52853c04f04be8bddc6ddfaf6bf361,DisplayDevice,agent,missed,community_to_global,:HeadMountedDisplay,:evaluatedBy,:UserStudy
3d52853c04f04be8bddc6ddfaf6bf361,DisplayDevice,agent,missed,community_to_global,:HeadMountedDisplayEvidence30OfYouthReportedWearingHead,rdf:type,:GroundedEvidence
3d52853c04f04be8bddc6ddfaf6bf361,DisplayDevice,agent,missed,community_to_global,:SpatialAugmentedRealityDisplay,:coveredInChapter,:Ch4
3d52853c04f04be8bddc6ddfaf6bf361,DisplayDevice,baseline,recovered,community_to_global,:DisplayDevice,rdfs:subClassOf,:HardwareComponent
3d52853c04f04be8bddc6ddfaf6bf361,DisplayDevice,baseline,missed,community_to_global,:AutostereoscopicDisplay,:coveredInChapter,:Ch4
3d52853c04f04be8bddc6ddfaf6bf361,DisplayDevice,baseline,missed,community_to_global,:CaveAutomaticVirtualEnvironment,:coveredInChapter,:Ch4
3d52853c04f04be8bddc6ddfaf6bf361,DisplayDevice,baseline,missed,community_to_global,:DisplayDevice,:coveredInChapter,:Ch4
3d52853c04f04be8bddc6ddfaf6bf361,DisplayDevice,baseline,missed,community_to_global,:HeadMountedDisplay,:coveredInChapter,:Ch4
3d52853c04f04be8bddc6ddfaf6bf361,DisplayDevice,baseline,missed,community_to_global,:HeadMountedDisplay,:evaluatedBy,:UserStudy
3d52853c04f04be8bddc6ddfaf6bf361,DisplayDevice,baseline,missed,community_to_global,:HeadMountedDisplayEvidence30OfYouthReportedWearingHead,rdf:type,:GroundedEvidence
3d52853c04f04be8bddc6ddfaf6bf361,DisplayDevice,baseline,missed,community_to_global,:SpatialAugmentedRealityDisplay,:coveredInChapter,:Ch4
3d52853c04f04be8bddc6ddfaf6bf361,DisplayDevice,sparql,recovered,community_to_global,:DisplayDevice,rdfs:subClassOf,:HardwareComponent
3d52853c04f04be8bddc6ddfaf6bf361,DisplayDevice,sparql,missed,community_to_global,:AutostereoscopicDisplay,:coveredInChapter,:Ch4
3d52853c04f04be8bddc6ddfaf6bf361,DisplayDevice,sparql,missed,community_to_global,:CaveAutomaticVirtualEnvironment,:coveredInChapter,:Ch4
3d52853c04f04be8bddc6ddfaf6bf361,DisplayDevice,sparql,missed,community_to_global,:DisplayDevice,:coveredInChapter,:Ch4
3d52853c04f04be8bddc6ddfaf6bf361,DisplayDevice,sparql,missed,community_to_global,:HeadMountedDisplay,:coveredInChapter,:Ch4
3d52853c04f04be8bddc6ddfaf6bf361,DisplayDevice,sparql,missed,community_to_global,:HeadMountedDisplay,:evaluatedBy,:UserStudy
3d52853c04f04be8bddc6ddfaf6bf361,DisplayDevice,sparql,missed,community_to_global,:HeadMountedDisplayEvidence30OfYouthReportedWearingHead,rdf:type,:GroundedEvidence
3d52853c04f04be8bddc6ddfaf6bf361,DisplayDevice,sparql,missed,community_to_global,:SpatialAugmentedRealityDisplay,:coveredInChapter,:Ch4
27f268afbfa84e7cbe6a58b8edcc2ae1,Task,agent,recovered,community_to_global,:Task,rdfs:subClassOf,:Concept
27f268afbfa84e7cbe6a58b8edcc2ae1,Task,agent,missed,global_to_community,:3DMenu,:supportsTask,:SystemControlTask
27f268afbfa84e7cbe6a58b8edcc2ae1,Task,agent,missed,global_to_community,:Aperture,:supportsTask,:SelectionTask
27f268afbfa84e7cbe6a58b8edcc2ae1,Task,agent,missed,global_to_community,:ArchitecturalSubdivisions,:supportsTask,:WayfindingTask
27f268afbfa84e7cbe6a58b8edcc2ae1,Task,agent,missed,global_to_community,:Breadcrumbs,:supportsTask,:WayfindingTask
27f268afbfa84e7cbe6a58b8edcc2ae1,Task,agent,missed,global_to_community,:Compass,:supportsTask,:WayfindingTask
27f268afbfa84e7cbe6a58b8edcc2ae1,Task,agent,missed,global_to_community,:DollhouseSelection,:supportsTask,:SelectionTask
27f268afbfa84e7cbe6a58b8edcc2ae1,Task,agent,missed,global_to_community,:DollhouseSelection,:supportsTask,:TravelTask
27f268afbfa84e7cbe6a58b8edcc2ae1,Task,agent,missed,global_to_community,:Flying,:supportsTask,:TravelTask
27f268afbfa84e7cbe6a58b8edcc2ae1,Task,agent,missed,global_to_community,:Frusta,:supportsTask,:SelectionTask
27f268afbfa84e7cbe6a58b8edcc2ae1,Task,agent,missed,global_to_community,:GoGoTechnique,:supportsTask,:ManipulationTask
27f268afbfa84e7cbe6a58b8edcc2ae1,Task,agent,missed,global_to_community,:GoGoTechnique,:supportsTask,:SelectionTask
27f268afbfa84e7cbe6a58b8edcc2ae1,Task,agent,missed,global_to_community,:HOMER,:supportsTask,:ManipulationTask
27f268afbfa84e7cbe6a58b8edcc2ae1,Task,agent,missed,global_to_community,:HOMER,:supportsTask,:SelectionTask
27f268afbfa84e7cbe6a58b8edcc2ae1,Task,agent,missed,global_to_community,:HandGestures,:supportsTask,:SystemControlTask
27f268afbfa84e7cbe6a58b8edcc2ae1,Task,agent,missed,global_to_community,:HardwareComponent,owl:disjointWith,:Task
27f268afbfa84e7cbe6a58b8edcc2ae1,Task,agent,missed,global_to_community,:InteractionTechnique,owl:disjointWith,:Task
27f268afbfa84e7cbe6a58b8edcc2ae1,Task,agent,missed,global_to_community,:MarkingMenu,:supportsTask,:SystemControlTask
27f268afbfa84e7cbe6a58b8edcc2ae1,Task,agent,missed,global_to_community,:PRISM,:supportsTask,:ManipulationTask
27f268afbfa84e7cbe6a58b8edcc2ae1,Task,agent,missed,global_to_community,:PropBasedManipulation,:supportsTask,:ManipulationTask
27f268afbfa84e7cbe6a58b8edcc2ae1,Task,agent,missed,global_to_community,:RayCasting,:supportsTask,:SelectionTask
27f268afbfa84e7cbe6a58b8edcc2ae1,Task,agent,missed,global_to_community,:RealWalking,:supportsTask,:TravelTask
27f268afbfa84e7cbe6a58b8edcc2ae1,Task,agent,missed,global_to_community,:RedirectedWalking,:supportsTask,:TravelTask
27f268afbfa84e7cbe6a58b8edcc2ae1,Task,agent,missed,global_to_community,:ScalableVirtualHand,:supportsTask,:ManipulationTask
27f268afbfa84e7cbe6a58b8edcc2ae1,Task,agent,missed,global_to_community,:Shadow,:supportsTask,:SelectionTask
27f268afbfa84e7cbe6a58b8edcc2ae1,Task,agent,missed,global_to_community,:Signage,:supportsTask,:WayfindingTask
27f268afbfa84e7cbe6a58b8edcc2ae1,Task,agent,missed,global_to_community,:SnapDragging,:supportsTask,:ManipulationTask
27f268afbfa84e7cbe6a58b8edcc2ae1,Task,agent,missed,global_to_community,:Steering,:supportsTask,:TravelTask
27f268afbfa84e7cbe6a58b8edcc2ae1,Task,agent,missed,community_to_global,:Task,owl:disjointWith,:DesignPrinciple
27f268afbfa84e7cbe6a58b8edcc2ae1,Task,agent,missed,community_to_global,:Task,owl:disjointWith,:EvaluationMethod
27f268afbfa84e7cbe6a58b8edcc2ae1,Task,agent,missed,community_to_global,:Task,owl:disjointWith,:UIComponent
27f268afbfa84e7cbe6a58b8edcc2ae1,Task,agent,missed,global_to_community,:Teleportation,:supportsTask,:TravelTask
27f268afbfa84e7cbe6a58b8edcc2ae1,Task,agent,missed,global_to_community,:TrailCues,:supportsTask,:WayfindingTask
27f268afbfa84e7cbe6a58b8edcc2ae1,Task,agent,missed,global_to_community,:TwoHandedManipulation,:supportsTask,:ManipulationTask
27f268afbfa84e7cbe6a58b8edcc2ae1,Task,agent,missed,global_to_community,:VirtualHand,:supportsTask,:ManipulationTask
27f268afbfa84e7cbe6a58b8edcc2ae1,Task,agent,missed,global_to_community,:VirtualHand,:supportsTask,:SelectionTask
27f268afbfa84e7cbe6a58b8edcc2ae1,Task,agent,missed,global_to_community,:VirtualKeyboard,:supportsTask,:SymbolicInputTask
27f268afbfa84e7cbe6a58b8edcc2ae1,Task,agent,missed,global_to_community,:VirtualKeyboard,:supportsTask,:SystemControlTask
27f268afbfa84e7cbe6a58b8edcc2ae1,Task,agent,missed,global_to_community,:VirtualMap,:supportsTask,:WayfindingTask
27f268afbfa84e7cbe6a58b8edcc2ae1,Task,agent,missed,global_to_community,:VirtualPointer,:supportsTask,:SelectionTask
27f268afbfa84e7cbe6a58b8edcc2ae1,Task,agent,missed,global_to_community,:VirtualSphere,:supportsTask,:ManipulationTask
27f268afbfa84e7cbe6a58b8edcc2ae1,Task,agent,missed,global_to_community,:VoiceCommands,:supportsTask,:SystemControlTask
27f268afbfa84e7cbe6a58b8edcc2ae1,Task,agent,missed,global_to_community,:WalkingInPlace,:supportsTask,:TravelTask
27f268afbfa84e7cbe6a58b8edcc2ae1,Task,agent,missed,global_to_community,:WorldInMiniatureTravel,:supportsTask,:TravelTask
27f268afbfa84e7cbe6a58b8edcc2ae1,Task,agent,missed,global_to_community,:supportsTask,rdfs:range,:Task
27f268afbfa84e7cbe6a58b8edcc2ae1,Task,baseline,recovered,community_to_global,:Task,rdfs:subClassOf,:Concept
27f268afbfa84e7cbe6a58b8edcc2ae1,Task,baseline,missed,global_to_community,:3DMenu,:supportsTask,:SystemControlTask
27f268afbfa84e7cbe6a58b8edcc2ae1,Task,baseline,missed,global_to_community,:Aperture,:supportsTask,:SelectionTask
27f268afbfa84e7cbe6a58b8edcc2ae1,Task,baseline,missed,global_to_community,:ArchitecturalSubdivisions,:supportsTask,:WayfindingTask
27f268afbfa84e7cbe6a58b8edcc2ae1,Task,baseline,missed,global_to_community,:Breadcrumbs,:supportsTask,:WayfindingTask
27f268afbfa84e7cbe6a58b8edcc2ae1,Task,baseline,missed,global_to_community,:Compass,:supportsTask,:WayfindingTask
27f268afbfa84e7cbe6a58b8edcc2ae1,Task,baseline,missed,global_to_community,:DollhouseSelection,:supportsTask,:SelectionTask
27f268afbfa84e7cbe6a58b8edcc2ae1,Task,baseline,missed,global_to_community,:DollhouseSelection,:supportsTask,:TravelTask
27f268afbfa84e7cbe6a58b8edcc2ae1,Task,baseline,missed,global_to_community,:Flying,:supportsTask,:TravelTask
27f268afbfa84e7cbe6a58b8edcc2ae1,Task,baseline,missed,global_to_community,:Frusta,:supportsTask,:SelectionTask
27f268afbfa84e7cbe6a58b8edcc2ae1,Task,baseline,missed,global_to_community,:GoGoTechnique,:supportsTask,:ManipulationTask
27f268afbfa84e7cbe6a58b8edcc2ae1,Task,baseline,missed,global_to_community,:GoGoTechnique,:supportsTask,:SelectionTask
27f268afbfa84e7cbe6a58b8edcc2ae1,Task,baseline,missed,global_to_community,:HOMER,:supportsTask,:ManipulationTask
27f268afbfa84e7cbe6a58b8edcc2ae1,Task,baseline,missed,global_to_community,:HOMER,:supportsTask,:SelectionTask
27f268afbfa84e7cbe6a58b8edcc2ae1,Task,baseline,missed,global_to_community,:HandGestures,:supportsTask,:SystemControlTask
27f268afbfa84e7cbe6a58b8edcc2ae1,Task,baseline,missed,global_to_community,:HardwareComponent,owl:disjointWith,:Task
27f268afbfa84e7cbe6a58b8edcc2ae1,Task,baseline,missed,global_to_community,:InteractionTechnique,owl:disjointWith,:Task
27f268afbfa84e7cbe6a58b8edcc2ae1,Task,baseline,missed,global_to_community,:MarkingMenu,:supportsTask,:SystemControlTask
27f268afbfa84e7cbe6a58b8edcc2ae1,Task,baseline,missed,global_to_community,:PRISM,:supportsTask,:ManipulationTask
27f268afbfa84e7cbe6a58b8edcc2ae1,Task,baseline,missed,global_to_community,:PropBasedManipulation,:supportsTask,:ManipulationTask
27f268afbfa84e7cbe6a58b8edcc2ae1,Task,baseline,missed,global_to_community,:RayCasting,:supportsTask,:SelectionTask
27f268afbfa84e7cbe6a58b8edcc2ae1,Task,baseline,missed,global_to_community,:RealWalking,:supportsTask,:TravelTask
27f268afbfa84e7cbe6a58b8edcc2ae1,Task,baseline,missed,global_to_community,:RedirectedWalking,:supportsTask,:TravelTask
27f268afbfa84e7cbe6a58b8edcc2ae1,Task,baseline,missed,global_to_community,:ScalableVirtualHand,:supportsTask,:ManipulationTask
27f268afbfa84e7cbe6a58b8edcc2ae1,Task,baseline,missed,global_to_community,:Shadow,:supportsTask,:SelectionTask
27f268afbfa84e7cbe6a58b8edcc2ae1,Task,baseline,missed,global_to_community,:Signage,:supportsTask,:WayfindingTask
27f268afbfa84e7cbe6a58b8edcc2ae1,Task,baseline,missed,global_to_community,:SnapDragging,:supportsTask,:ManipulationTask
27f268afbfa84e7cbe6a58b8edcc2ae1,Task,baseline,missed,global_to_community,:Steering,:supportsTask,:TravelTask
27f268afbfa84e7cbe6a58b8edcc2ae1,Task,baseline,missed,community_to_global,:Task,owl:disjointWith,:DesignPrinciple
27f268afbfa84e7cbe6a58b8edcc2ae1,Task,baseline,missed,community_to_global,:Task,owl:disjointWith,:EvaluationMethod
27f268afbfa84e7cbe6a58b8edcc2ae1,Task,baseline,missed,community_to_global,:Task,owl:disjointWith,:UIComponent
27f268afbfa84e7cbe6a58b8edcc2ae1,Task,baseline,missed,global_to_community,:Teleportation,:supportsTask,:TravelTask
27f268afbfa84e7cbe6a58b8edcc2ae1,Task,baseline,missed,global_to_community,:TrailCues,:supportsTask,:WayfindingTask
27f268afbfa84e7cbe6a58b8edcc2ae1,Task,baseline,missed,global_to_community,:TwoHandedManipulation,:supportsTask,:ManipulationTask
27f268afbfa84e7cbe6a58b8edcc2ae1,Task,baseline,missed,global_to_community,:VirtualHand,:supportsTask,:ManipulationTask
27f268afbfa84e7cbe6a58b8edcc2ae1,Task,baseline,missed,global_to_community,:VirtualHand,:supportsTask,:SelectionTask
27f268afbfa84e7cbe6a58b8edcc2ae1,Task,baseline,missed,global_to_community,:VirtualKeyboard,:supportsTask,:SymbolicInputTask
27f268afbfa84e7cbe6a58b8edcc2ae1,Task,baseline,missed,global_to_community,:VirtualKeyboard,:supportsTask,:SystemControlTask
27f268afbfa84e7cbe6a58b8edcc2ae1,Task,baseline,missed,global_to_community,:VirtualMap,:supportsTask,:WayfindingTask
27f268afbfa84e7cbe6a58b8edcc2ae1,Task,baseline,missed,global_to_community,:VirtualPointer,:supportsTask,:SelectionTask
27f268afbfa84e7cbe6a58b8edcc2ae1,Task,baseline,missed,global_to_community,:VirtualSphere,:supportsTask,:ManipulationTask
27f268afbfa84e7cbe6a58b8edcc2ae1,Task,baseline,missed,global_to_community,:VoiceCommands,:supportsTask,:SystemControlTask
27f268afbfa84e7cbe6a58b8edcc2ae1,Task,baseline,missed,global_to_community,:WalkingInPlace,:supportsTask,:TravelTask
27f268afbfa84e7cbe6a58b8edcc2ae1,Task,baseline,missed,global_to_community,:WorldInMiniatureTravel,:supportsTask,:TravelTask
27f268afbfa84e7cbe6a58b8edcc2ae1,Task,baseline,missed,global_to_community,:supportsTask,rdfs:range,:Task
27f268afbfa84e7cbe6a58b8edcc2ae1,Task,sparql,recovered,community_to_global,:Task,rdfs:subClassOf,:Concept
27f268afbfa84e7cbe6a58b8edcc2ae1,Task,sparql,missed,global_to_community,:3DMenu,:supportsTask,:SystemControlTask
27f268afbfa84e7cbe6a58b8edcc2ae1,Task,sparql,missed,global_to_community,:Aperture,:supportsTask,:SelectionTask
27f268afbfa84e7cbe6a58b8edcc2ae1,Task,sparql,missed,global_to_community,:ArchitecturalSubdivisions,:supportsTask,:WayfindingTask
27f268afbfa84e7cbe6a58b8edcc2ae1,Task,sparql,missed,global_to_community,:Breadcrumbs,:supportsTask,:WayfindingTask
27f268afbfa84e7cbe6a58b8edcc2ae1,Task,sparql,missed,global_to_community,:Compass,:supportsTask,:WayfindingTask
27f268afbfa84e7cbe6a58b8edcc2ae1,Task,sparql,missed,global_to_community,:DollhouseSelection,:supportsTask,:SelectionTask
27f268afbfa84e7cbe6a58b8edcc2ae1,Task,sparql,missed,global_to_community,:DollhouseSelection,:supportsTask,:TravelTask
27f268afbfa84e7cbe6a58b8edcc2ae1,Task,sparql,missed,global_to_community,:Flying,:supportsTask,:TravelTask
27f268afbfa84e7cbe6a58b8edcc2ae1,Task,sparql,missed,global_to_community,:Frusta,:supportsTask,:SelectionTask
27f268afbfa84e7cbe6a58b8edcc2ae1,Task,sparql,missed,global_to_community,:GoGoTechnique,:supportsTask,:ManipulationTask
27f268afbfa84e7cbe6a58b8edcc2ae1,Task,sparql,missed,global_to_community,:GoGoTechnique,:supportsTask,:SelectionTask
27f268afbfa84e7cbe6a58b8edcc2ae1,Task,sparql,missed,global_to_community,:HOMER,:supportsTask,:ManipulationTask
27f268afbfa84e7cbe6a58b8edcc2ae1,Task,sparql,missed,global_to_community,:HOMER,:supportsTask,:SelectionTask
27f268afbfa84e7cbe6a58b8edcc2ae1,Task,sparql,missed,global_to_community,:HandGestures,:supportsTask,:SystemControlTask
27f268afbfa84e7cbe6a58b8edcc2ae1,Task,sparql,missed,global_to_community,:HardwareComponent,owl:disjointWith,:Task
27f268afbfa84e7cbe6a58b8edcc2ae1,Task,sparql,missed,global_to_community,:InteractionTechnique,owl:disjointWith,:Task
27f268afbfa84e7cbe6a58b8edcc2ae1,Task,sparql,missed,global_to_community,:MarkingMenu,:supportsTask,:SystemControlTask
27f268afbfa84e7cbe6a58b8edcc2ae1,Task,sparql,missed,global_to_community,:PRISM,:supportsTask,:ManipulationTask
27f268afbfa84e7cbe6a58b8edcc2ae1,Task,sparql,missed,global_to_community,:PropBasedManipulation,:supportsTask,:ManipulationTask
27f268afbfa84e7cbe6a58b8edcc2ae1,Task,sparql,missed,global_to_community,:RayCasting,:supportsTask,:SelectionTask
27f268afbfa84e7cbe6a58b8edcc2ae1,Task,sparql,missed,global_to_community,:RealWalking,:supportsTask,:TravelTask
27f268afbfa84e7cbe6a58b8edcc2ae1,Task,sparql,missed,global_to_community,:RedirectedWalking,:supportsTask,:TravelTask
27f268afbfa84e7cbe6a58b8edcc2ae1,Task,sparql,missed,global_to_community,:ScalableVirtualHand,:supportsTask,:ManipulationTask
27f268afbfa84e7cbe6a58b8edcc2ae1,Task,sparql,missed,global_to_community,:Shadow,:supportsTask,:SelectionTask
27f268afbfa84e7cbe6a58b8edcc2ae1,Task,sparql,missed,global_to_community,:Signage,:supportsTask,:WayfindingTask
27f268afbfa84e7cbe6a58b8edcc2ae1,Task,sparql,missed,global_to_community,:SnapDragging,:supportsTask,:ManipulationTask
27f268afbfa84e7cbe6a58b8edcc2ae1,Task,sparql,missed,global_to_community,:Steering,:supportsTask,:TravelTask
27f268afbfa84e7cbe6a58b8edcc2ae1,Task,sparql,missed,community_to_global,:Task,owl:disjointWith,:DesignPrinciple
27f268afbfa84e7cbe6a58b8edcc2ae1,Task,sparql,missed,community_to_global,:Task,owl:disjointWith,:EvaluationMethod
27f268afbfa84e7cbe6a58b8edcc2ae1,Task,sparql,missed,community_to_global,:Task,owl:disjointWith,:UIComponent
27f268afbfa84e7cbe6a58b8edcc2ae1,Task,sparql,missed,global_to_community,:Teleportation,:supportsTask,:TravelTask
27f268afbfa84e7cbe6a58b8edcc2ae1,Task,sparql,missed,global_to_community,:TrailCues,:supportsTask,:WayfindingTask
27f268afbfa84e7cbe6a58b8edcc2ae1,Task,sparql,missed,global_to_community,:TwoHandedManipulation,:supportsTask,:ManipulationTask
27f268afbfa84e7cbe6a58b8edcc2ae1,Task,sparql,missed,global_to_community,:VirtualHand,:supportsTask,:ManipulationTask
27f268afbfa84e7cbe6a58b8edcc2ae1,Task,sparql,missed,global_to_community,:VirtualHand,:supportsTask,:SelectionTask
27f268afbfa84e7cbe6a58b8edcc2ae1,Task,sparql,missed,global_to_community,:VirtualKeyboard,:supportsTask,:SymbolicInputTask
27f268afbfa84e7cbe6a58b8edcc2ae1,Task,sparql,missed,global_to_community,:VirtualKeyboard,:supportsTask,:SystemControlTask
27f268afbfa84e7cbe6a58b8edcc2ae1,Task,sparql,missed,global_to_community,:VirtualMap,:supportsTask,:WayfindingTask
27f268afbfa84e7cbe6a58b8edcc2ae1,Task,sparql,missed,global_to_community,:VirtualPointer,:supportsTask,:SelectionTask
27f268afbfa84e7cbe6a58b8edcc2ae1,Task,sparql,missed,global_to_community,:VirtualSphere,:supportsTask,:ManipulationTask
27f268afbfa84e7cbe6a58b8edcc2ae1,Task,sparql,missed,global_to_community,:VoiceCommands,:supportsTask,:SystemControlTask
27f268afbfa84e7cbe6a58b8edcc2ae1,Task,sparql,missed,global_to_community,:WalkingInPlace,:supportsTask,:TravelTask
27f268afbfa84e7cbe6a58b8edcc2ae1,Task,sparql,missed,global_to_community,:WorldInMiniatureTravel,:supportsTask,:TravelTask
27f268afbfa84e7cbe6a58b8edcc2ae1,Task,sparql,missed,global_to_community,:supportsTask,rdfs:range,:Task
27f268afbfa84e7cbe6a58b8edcc2ae1,Task,sparql,extra,community_to_global,:ManipulationTask,:coveredInChapter,:Ch6
27f268afbfa84e7cbe6a58b8edcc2ae1,Task,sparql,extra,community_to_global,:SelectionTask,:coveredInChapter,:Ch6
27f268afbfa84e7cbe6a58b8edcc2ae1,Task,sparql,extra,community_to_global,:SymbolicInputTask,:coveredInChapter,:Ch9
27f268afbfa84e7cbe6a58b8edcc2ae1,Task,sparql,extra,community_to_global,:SystemControlTask,:coveredInChapter,:Ch9
27f268afbfa84e7cbe6a58b8edcc2ae1,Task,sparql,extra,community_to_global,:TravelTask,:coveredInChapter,:Ch7
27f268afbfa84e7cbe6a58b8edcc2ae1,Task,sparql,extra,community_to_global,:WayfindingTask,:coveredInChapter,:Ch8
73b9c5fbf247461db344e29905bfedb2,PassiveInputDevice,agent,recovered,community_to_global,:PassiveInputDevice,rdfs:subClassOf,:InputDevice
73b9c5fbf247461db344e29905bfedb2,PassiveInputDevice,baseline,recovered,community_to_global,:PassiveInputDevice,rdfs:subClassOf,:InputDevice
73b9c5fbf247461db344e29905bfedb2,PassiveInputDevice,sparql,recovered,community_to_global,:PassiveInputDevice,rdfs:subClassOf,:InputDevice
bd67905d1be645218c64b3ee35a7f9c0,CaveAutomaticVirtualEnvironment,agent,recovered,community_to_global,:CaveAutomaticVirtualEnvironment,rdfs:subClassOf,:StereoscopicDisplay
bd67905d1be645218c64b3ee35a7f9c0,CaveAutomaticVirtualEnvironment,agent,missed,community_to_global,:CaveAutomaticVirtualEnvironment,:coveredInChapter,:Ch4
bd67905d1be645218c64b3ee35a7f9c0,CaveAutomaticVirtualEnvironment,baseline,recovered,community_to_global,:CaveAutomaticVirtualEnvironment,:coveredInChapter,:Ch4
bd67905d1be645218c64b3ee35a7f9c0,CaveAutomaticVirtualEnvironment,baseline,recovered,community_to_global,:CaveAutomaticVirtualEnvironment,rdfs:subClassOf,:StereoscopicDisplay
bd67905d1be645218c64b3ee35a7f9c0,CaveAutomaticVirtualEnvironment,sparql,recovered,community_to_global,:CaveAutomaticVirtualEnvironment,:coveredInChapter,:Ch4
bd67905d1be645218c64b3ee35a7f9c0,CaveAutomaticVirtualEnvironment,sparql,recovered,community_to_global,:CaveAutomaticVirtualEnvironment,rdfs:subClassOf,:StereoscopicDisplay
59ba0a659e7b44a8be67cf4fd988f99f,MagneticTracker,agent,recovered,community_to_global,:MagneticTracker,rdfs:subClassOf,:TrackingSystem
59ba0a659e7b44a8be67cf4fd988f99f,MagneticTracker,agent,missed,community_to_global,:MagneticTracker,:coveredInChapter,:Ch4
59ba0a659e7b44a8be67cf4fd988f99f,MagneticTracker,baseline,recovered,community_to_global,:MagneticTracker,:coveredInChapter,:Ch4
59ba0a659e7b44a8be67cf4fd988f99f,MagneticTracker,baseline,recovered,community_to_global,:MagneticTracker,rdfs:subClassOf,:TrackingSystem
be71dcfffb3245999c24040338c498f2,MagneticTracker,sparql,recovered,community_to_global,:MagneticTracker,:coveredInChapter,:Ch4
be71dcfffb3245999c24040338c498f2,MagneticTracker,sparql,recovered,community_to_global,:MagneticTracker,rdfs:subClassOf,:TrackingSystem
daf11e7d867c4f2f80465cddbf64e083,Ergonomics,agent,recovered,community_to_global,:Ergonomics,rdfs:subClassOf,:PhysicalFactor
daf11e7d867c4f2f80465cddbf64e083,Ergonomics,agent,missed,global_to_community,:AdaptToUser,:appliesTo,:Ergonomics
daf11e7d867c4f2f80465cddbf64e083,Ergonomics,agent,missed,global_to_community,:EnsurePhysicalSafety,:appliesTo,:Ergonomics
daf11e7d867c4f2f80465cddbf64e083,Ergonomics,agent,missed,community_to_global,:Ergonomics,:coveredInChapter,:Ch3
daf11e7d867c4f2f80465cddbf64e083,Ergonomics,baseline,recovered,community_to_global,:Ergonomics,:coveredInChapter,:Ch3
daf11e7d867c4f2f80465cddbf64e083,Ergonomics,baseline,recovered,community_to_global,:Ergonomics,rdfs:subClassOf,:PhysicalFactor
daf11e7d867c4f2f80465cddbf64e083,Ergonomics,baseline,missed,global_to_community,:AdaptToUser,:appliesTo,:Ergonomics
daf11e7d867c4f2f80465cddbf64e083,Ergonomics,baseline,missed,global_to_community,:EnsurePhysicalSafety,:appliesTo,:Ergonomics
daf11e7d867c4f2f80465cddbf64e083,Ergonomics,sparql,recovered,community_to_global,:Ergonomics,:coveredInChapter,:Ch3
daf11e7d867c4f2f80465cddbf64e083,Ergonomics,sparql,recovered,community_to_global,:Ergonomics,rdfs:subClassOf,:PhysicalFactor
daf11e7d867c4f2f80465cddbf64e083,Ergonomics,sparql,missed,global_to_community,:AdaptToUser,:appliesTo,:Ergonomics
daf11e7d867c4f2f80465cddbf64e083,Ergonomics,sparql,missed,global_to_community,:EnsurePhysicalSafety,:appliesTo,:Ergonomics
4511b660ff004b3e98fdb045c9ad993f,SoftwareToolkit,agent,recovered,community_to_global,:SoftwareToolkit,rdfs:subClassOf,:Concept
4511b660ff004b3e98fdb045c9ad993f,SoftwareToolkit,agent,missed,community_to_global,:SoftwareToolkit,:coveredInChapter,:Ch5
4511b660ff004b3e98fdb045c9ad993f,SoftwareToolkit,baseline,recovered,community_to_global,:SoftwareToolkit,rdfs:subClassOf,:Concept
4511b660ff004b3e98fdb045c9ad993f,SoftwareToolkit,baseline,missed,community_to_global,:SoftwareToolkit,:coveredInChapter,:Ch5
4511b660ff004b3e98fdb045c9ad993f,SoftwareToolkit,sparql,recovered,community_to_global,:SoftwareToolkit,:coveredInChapter,:Ch5
4511b660ff004b3e98fdb045c9ad993f,SoftwareToolkit,sparql,recovered,community_to_global,:SoftwareToolkit,rdfs:subClassOf,:Concept
0be777e2b8644c1ca910fc1f7b0fff69,TrackingSystem,agent,recovered,community_to_global,:TrackingSystem,rdfs:subClassOf,:HardwareComponent
0be777e2b8644c1ca910fc1f7b0fff69,TrackingSystem,agent,missed,community_to_global,:HybridTracker,:coveredInChapter,:Ch4
0be777e2b8644c1ca910fc1f7b0fff69,TrackingSystem,agent,missed,community_to_global,:InertialTracker,:coveredInChapter,:Ch4
0be777e2b8644c1ca910fc1f7b0fff69,TrackingSystem,agent,missed,community_to_global,:MagneticTracker,:coveredInChapter,:Ch4
0be777e2b8644c1ca910fc1f7b0fff69,TrackingSystem,agent,missed,community_to_global,:MechanicalTracker,:coveredInChapter,:Ch4
0be777e2b8644c1ca910fc1f7b0fff69,TrackingSystem,agent,missed,community_to_global,:OpticalTracker,:coveredInChapter,:Ch4
0be777e2b8644c1ca910fc1f7b0fff69,TrackingSystem,agent,missed,community_to_global,:TrackingSystem,:coveredInChapter,:Ch4
0be777e2b8644c1ca910fc1f7b0fff69,TrackingSystem,agent,missed,community_to_global,:UltrasonicTracker,:coveredInChapter,:Ch4
0be777e2b8644c1ca910fc1f7b0fff69,TrackingSystem,baseline,recovered,community_to_global,:TrackingSystem,:coveredInChapter,:Ch4
0be777e2b8644c1ca910fc1f7b0fff69,TrackingSystem,baseline,recovered,community_to_global,:TrackingSystem,rdfs:subClassOf,:HardwareComponent
0be777e2b8644c1ca910fc1f7b0fff69,TrackingSystem,baseline,missed,community_to_global,:HybridTracker,:coveredInChapter,:Ch4
0be777e2b8644c1ca910fc1f7b0fff69,TrackingSystem,baseline,missed,community_to_global,:InertialTracker,:coveredInChapter,:Ch4
0be777e2b8644c1ca910fc1f7b0fff69,TrackingSystem,baseline,missed,community_to_global,:MagneticTracker,:coveredInChapter,:Ch4
0be777e2b8644c1ca910fc1f7b0fff69,TrackingSystem,baseline,missed,community_to_global,:MechanicalTracker,:coveredInChapter,:Ch4
0be777e2b8644c1ca910fc1f7b0fff69,TrackingSystem,baseline,missed,community_to_global,:OpticalTracker,:coveredInChapter,:Ch4
0be777e2b8644c1ca910fc1f7b0fff69,TrackingSystem,baseline,missed,community_to_global,:UltrasonicTracker,:coveredInChapter,:Ch4
0be777e2b8644c1ca910fc1f7b0fff69,TrackingSystem,sparql,recovered,community_to_global,:HybridTracker,:coveredInChapter,:Ch4
0be777e2b8644c1ca910fc1f7b0fff69,TrackingSystem,sparql,recovered,community_to_global,:InertialTracker,:coveredInChapter,:Ch4
0be777e2b8644c1ca910fc1f7b0fff69,TrackingSystem,sparql,recovered,community_to_global,:MagneticTracker,:coveredInChapter,:Ch4
0be777e2b8644c1ca910fc1f7b0fff69,TrackingSystem,sparql,recovered,community_to_global,:MechanicalTracker,:coveredInChapter,:Ch4
0be777e2b8644c1ca910fc1f7b0fff69,TrackingSystem,sparql,recovered,community_to_global,:OpticalTracker,:coveredInChapter,:Ch4
0be777e2b8644c1ca910fc1f7b0fff69,TrackingSystem,sparql,recovered,community_to_global,:TrackingSystem,:coveredInChapter,:Ch4
0be777e2b8644c1ca910fc1f7b0fff69,TrackingSystem,sparql,recovered,community_to_global,:TrackingSystem,rdfs:subClassOf,:HardwareComponent
0be777e2b8644c1ca910fc1f7b0fff69,TrackingSystem,sparql,recovered,community_to_global,:UltrasonicTracker,:coveredInChapter,:Ch4
ba462ea1d80c492d9a17003426dd2389,InputDevice,agent,recovered,community_to_global,:InputDevice,rdfs:subClassOf,:HardwareComponent
ba462ea1d80c492d9a17003426dd2389,InputDevice,agent,missed,community_to_global,:InputDevice,:coveredInChapter,:Ch4
82eb5e54e7304edc93ab74b635836d2c,InputDevice,baseline,recovered,community_to_global,:InputDevice,rdfs:subClassOf,:HardwareComponent
82eb5e54e7304edc93ab74b635836d2c,InputDevice,baseline,missed,community_to_global,:InputDevice,:coveredInChapter,:Ch4
82eb5e54e7304edc93ab74b635836d2c,InputDevice,sparql,recovered,community_to_global,:InputDevice,:coveredInChapter,:Ch4
82eb5e54e7304edc93ab74b635836d2c,InputDevice,sparql,recovered,community_to_global,:InputDevice,rdfs:subClassOf,:HardwareComponent
82eb5e54e7304edc93ab74b635836d2c,InputDevice,sparql,extra,community_to_global,:IsotonicInputDevice,:coveredInChapter,:Ch4
82eb5e54e7304edc93ab74b635836d2c,InputDevice,sparql,extra,community_to_global,:PassiveInputDevice,:coveredInChapter,:Ch4
82eb5e54e7304edc93ab74b635836d2c,InputDevice,sparql,extra,community_to_global,:isometricInputDevice,:coveredInChapter,:Ch4
faf391329464433d8c58a67411deb9b0,OutputDevice,agent,recovered,community_to_global,:OutputDevice,rdfs:subClassOf,:HardwareComponent
faf391329464433d8c58a67411deb9b0,OutputDevice,agent,missed,community_to_global,:HapticOutputDevice,:evaluatedBy,:UserStudy
faf391329464433d8c58a67411deb9b0,OutputDevice,agent,missed,community_to_global,:OutputDevice,:coveredInChapter,:Ch4
faf391329464433d8c58a67411deb9b0,OutputDevice,baseline,recovered,community_to_global,:OutputDevice,rdfs:subClassOf,:HardwareComponent
faf391329464433d8c58a67411deb9b0,OutputDevice,baseline,missed,community_to_global,:HapticOutputDevice,:evaluatedBy,:UserStudy
faf391329464433d8c58a67411deb9b0,OutputDevice,baseline,missed,community_to_global,:OutputDevice,:coveredInChapter,:Ch4
faf391329464433d8c58a67411deb9b0,OutputDevice,sparql,recovered,community_to_global,:OutputDevice,rdfs:subClassOf,:HardwareComponent
faf391329464433d8c58a67411deb9b0,OutputDevice,sparql,missed,community_to_global,:HapticOutputDevice,:evaluatedBy,:UserStudy
faf391329464433d8c58a67411deb9b0,OutputDevice,sparql,missed,community_to_global,:OutputDevice,:coveredInChapter,:Ch4
5478c2b8a0e24f75bf8499245ee0304e,PerceptualFactor,agent,recovered,community_to_global,:PerceptualFactor,rdfs:subClassOf,:HumanFactor
5478c2b8a0e24f75bf8499245ee0304e,PerceptualFactor,agent,missed,community_to_global,:AuditoryFactor,:coveredInChapter,:Ch2
5478c2b8a0e24f75bf8499245ee0304e,PerceptualFactor,agent,missed,community_to_global,:Cybersickness,:coveredInChapter,:Ch2
5478c2b8a0e24f75bf8499245ee0304e,PerceptualFactor,agent,missed,community_to_global,:Cybersickness,:coveredInChapter,:Ch3
5478c2b8a0e24f75bf8499245ee0304e,PerceptualFactor,agent,missed,community_to_global,:PerceptualFactor,:coveredInChapter,:Ch2
5478c2b8a0e24f75bf8499245ee0304e,PerceptualFactor,agent,missed,community_to_global,:ProprioceptiveFactor,:coveredInChapter,:Ch2
5478c2b8a0e24f75bf8499245ee0304e,PerceptualFactor,agent,missed,global_to_community,:RealWalking,:addressesHumanFactor,:Cybersickness
5478c2b8a0e24f75bf8499245ee0304e,PerceptualFactor,agent,missed,global_to_community,:RedirectedWalking,:addressesHumanFactor,:Cybersickness
5478c2b8a0e24f75bf8499245ee0304e,PerceptualFactor,agent,missed,global_to_community,:Teleportation,:addressesHumanFactor,:Cybersickness
5478c2b8a0e24f75bf8499245ee0304e,PerceptualFactor,agent,missed,community_to_global,:VestibularFactor,:coveredInChapter,:Ch2
5478c2b8a0e24f75bf8499245ee0304e,PerceptualFactor,agent,missed,community_to_global,:VisualFactor,:coveredInChapter,:Ch2
5478c2b8a0e24f75bf8499245ee0304e,PerceptualFactor,baseline,recovered,community_to_global,:PerceptualFactor,rdfs:subClassOf,:HumanFactor
5478c2b8a0e24f75bf8499245ee0304e,PerceptualFactor,baseline,missed,community_to_global,:AuditoryFactor,:coveredInChapter,:Ch2
5478c2b8a0e24f75bf8499245ee0304e,PerceptualFactor,baseline,missed,community_to_global,:Cybersickness,:coveredInChapter,:Ch2
5478c2b8a0e24f75bf8499245ee0304e,PerceptualFactor,baseline,missed,community_to_global,:Cybersickness,:coveredInChapter,:Ch3
5478c2b8a0e24f75bf8499245ee0304e,PerceptualFactor,baseline,missed,community_to_global,:PerceptualFactor,:coveredInChapter,:Ch2
5478c2b8a0e24f75bf8499245ee0304e,PerceptualFactor,baseline,missed,community_to_global,:ProprioceptiveFactor,:coveredInChapter,:Ch2
5478c2b8a0e24f75bf8499245ee0304e,PerceptualFactor,baseline,missed,global_to_community,:RealWalking,:addressesHumanFactor,:Cybersickness
5478c2b8a0e24f75bf8499245ee0304e,PerceptualFactor,baseline,missed,global_to_community,:RedirectedWalking,:addressesHumanFactor,:Cybersickness
5478c2b8a0e24f75bf8499245ee0304e,PerceptualFactor,baseline,missed,global_to_community,:Teleportation,:addressesHumanFactor,:Cybersickness
5478c2b8a0e24f75bf8499245ee0304e,PerceptualFactor,baseline,missed,community_to_global,:VestibularFactor,:coveredInChapter,:Ch2
5478c2b8a0e24f75bf8499245ee0304e,PerceptualFactor,baseline,missed,community_to_global,:VisualFactor,:coveredInChapter,:Ch2
5478c2b8a0e24f75bf8499245ee0304e,PerceptualFactor,sparql,recovered,community_to_global,:PerceptualFactor,:coveredInChapter,:Ch2
5478c2b8a0e24f75bf8499245ee0304e,PerceptualFactor,sparql,recovered,community_to_global,:PerceptualFactor,rdfs:subClassOf,:HumanFactor
5478c2b8a0e24f75bf8499245ee0304e,PerceptualFactor,sparql,missed,community_to_global,:AuditoryFactor,:coveredInChapter,:Ch2
5478c2b8a0e24f75bf8499245ee0304e,PerceptualFactor,sparql,missed,community_to_global,:Cybersickness,:coveredInChapter,:Ch2
5478c2b8a0e24f75bf8499245ee0304e,PerceptualFactor,sparql,missed,community_to_global,:Cybersickness,:coveredInChapter,:Ch3
5478c2b8a0e24f75bf8499245ee0304e,PerceptualFactor,sparql,missed,community_to_global,:ProprioceptiveFactor,:coveredInChapter,:Ch2
5478c2b8a0e24f75bf8499245ee0304e,PerceptualFactor,sparql,missed,global_to_community,:RealWalking,:addressesHumanFactor,:Cybersickness
5478c2b8a0e24f75bf8499245ee0304e,PerceptualFactor,sparql,missed,global_to_community,:RedirectedWalking,:addressesHumanFactor,:Cybersickness
5478c2b8a0e24f75bf8499245ee0304e,PerceptualFactor,sparql,missed,global_to_community,:Teleportation,:addressesHumanFactor,:Cybersickness
5478c2b8a0e24f75bf8499245ee0304e,PerceptualFactor,sparql,missed,community_to_global,:VestibularFactor,:coveredInChapter,:Ch2
5478c2b8a0e24f75bf8499245ee0304e,PerceptualFactor,sparql,missed,community_to_global,:VisualFactor,:coveredInChapter,:Ch2
04a42b4da2e449e39cc94d6512a2ca3a,CognitiveFactor,agent,recovered,community_to_global,:CognitiveFactor,rdfs:subClassOf,:HumanFactor
04a42b4da2e449e39cc94d6512a2ca3a,CognitiveFactor,agent,missed,community_to_global,:Attention,:coveredInChapter,:Ch3
04a42b4da2e449e39cc94d6512a2ca3a,CognitiveFactor,agent,missed,community_to_global,:CognitiveFactor,:coveredInChapter,:Ch2
04a42b4da2e449e39cc94d6512a2ca3a,CognitiveFactor,agent,missed,community_to_global,:CognitiveFactor,:coveredInChapter,:Ch3
04a42b4da2e449e39cc94d6512a2ca3a,CognitiveFactor,agent,missed,global_to_community,:MinimizeCognitiveLoad,:appliesTo,:CognitiveLoad
04a42b4da2e449e39cc94d6512a2ca3a,CognitiveFactor,agent,missed,community_to_global,:SpatialMemory,:coveredInChapter,:Ch3
04a42b4da2e449e39cc94d6512a2ca3a,CognitiveFactor,agent,missed,global_to_community,:SupportSpatialUnderstanding,:appliesTo,:SpatialMemory
04a42b4da2e449e39cc94d6512a2ca3a,CognitiveFactor,baseline,recovered,community_to_global,:CognitiveFactor,rdfs:subClassOf,:HumanFactor
04a42b4da2e449e39cc94d6512a2ca3a,CognitiveFactor,baseline,missed,community_to_global,:Attention,:coveredInChapter,:Ch3
04a42b4da2e449e39cc94d6512a2ca3a,CognitiveFactor,baseline,missed,community_to_global,:CognitiveFactor,:coveredInChapter,:Ch2
04a42b4da2e449e39cc94d6512a2ca3a,CognitiveFactor,baseline,missed,community_to_global,:CognitiveFactor,:coveredInChapter,:Ch3
04a42b4da2e449e39cc94d6512a2ca3a,CognitiveFactor,baseline,missed,global_to_community,:MinimizeCognitiveLoad,:appliesTo,:CognitiveLoad
04a42b4da2e449e39cc94d6512a2ca3a,CognitiveFactor,baseline,missed,community_to_global,:SpatialMemory,:coveredInChapter,:Ch3
04a42b4da2e449e39cc94d6512a2ca3a,CognitiveFactor,baseline,missed,global_to_community,:SupportSpatialUnderstanding,:appliesTo,:SpatialMemory
04a42b4da2e449e39cc94d6512a2ca3a,CognitiveFactor,sparql,recovered,community_to_global,:CognitiveFactor,rdfs:subClassOf,:HumanFactor
04a42b4da2e449e39cc94d6512a2ca3a,CognitiveFactor,sparql,missed,community_to_global,:Attention,:coveredInChapter,:Ch3
04a42b4da2e449e39cc94d6512a2ca3a,CognitiveFactor,sparql,missed,community_to_global,:CognitiveFactor,:coveredInChapter,:Ch2
04a42b4da2e449e39cc94d6512a2ca3a,CognitiveFactor,sparql,missed,community_to_global,:CognitiveFactor,:coveredInChapter,:Ch3
04a42b4da2e449e39cc94d6512a2ca3a,CognitiveFactor,sparql,missed,global_to_community,:MinimizeCognitiveLoad,:appliesTo,:CognitiveLoad
04a42b4da2e449e39cc94d6512a2ca3a,CognitiveFactor,sparql,missed,community_to_global,:SpatialMemory,:coveredInChapter,:Ch3
04a42b4da2e449e39cc94d6512a2ca3a,CognitiveFactor,sparql,missed,global_to_community,:SupportSpatialUnderstanding,:appliesTo,:SpatialMemory
fb95acd4ad3640ecb695f4c4f176ca38,SelectionTechnique,agent,missed,community_to_global,:Aperture,:coveredInChapter,:Ch6
fb95acd4ad3640ecb695f4c4f176ca38,SelectionTechnique,agent,missed,community_to_global,:Aperture,:supportsTask,:SelectionTask
fb95acd4ad3640ecb695f4c4f176ca38,SelectionTechnique,agent,missed,community_to_global,:DollhouseSelection,:coveredInChapter,:Ch6
fb95acd4ad3640ecb695f4c4f176ca38,SelectionTechnique,agent,missed,community_to_global,:DollhouseSelection,:supportsTask,:SelectionTask
fb95acd4ad3640ecb695f4c4f176ca38,SelectionTechnique,agent,missed,community_to_global,:DollhouseSelection,:supportsTask,:TravelTask
fb95acd4ad3640ecb695f4c4f176ca38,SelectionTechnique,agent,missed,community_to_global,:Frusta,:coveredInChapter,:Ch6
fb95acd4ad3640ecb695f4c4f176ca38,SelectionTechnique,agent,missed,community_to_global,:Frusta,:supportsTask,:SelectionTask
fb95acd4ad3640ecb695f4c4f176ca38,SelectionTechnique,agent,missed,community_to_global,:GoGoTechnique,:coveredInChapter,:Ch6
fb95acd4ad3640ecb695f4c4f176ca38,SelectionTechnique,agent,missed,community_to_global,:GoGoTechnique,:supportsTask,:ManipulationTask
fb95acd4ad3640ecb695f4c4f176ca38,SelectionTechnique,agent,missed,community_to_global,:GoGoTechnique,:supportsTask,:SelectionTask
fb95acd4ad3640ecb695f4c4f176ca38,SelectionTechnique,agent,missed,community_to_global,:RayCasting,:coveredInChapter,:Ch6
fb95acd4ad3640ecb695f4c4f176ca38,SelectionTechnique,agent,missed,community_to_global,:RayCasting,:supportsTask,:SelectionTask
fb95acd4ad3640ecb695f4c4f176ca38,SelectionTechnique,agent,missed,community_to_global,:SelectionTechnique,:coveredInChapter,:Ch6
fb95acd4ad3640ecb695f4c4f176ca38,SelectionTechnique,agent,missed,community_to_global,:SelectionTechnique,rdfs:subClassOf,:InteractionTechnique
fb95acd4ad3640ecb695f4c4f176ca38,SelectionTechnique,agent,missed,community_to_global,:Shadow,:coveredInChapter,:Ch6
fb95acd4ad3640ecb695f4c4f176ca38,SelectionTechnique,agent,missed,community_to_global,:Shadow,:supportsTask,:SelectionTask
fb95acd4ad3640ecb695f4c4f176ca38,SelectionTechnique,agent,missed,community_to_global,:VirtualHand,:coveredInChapter,:Ch6
fb95acd4ad3640ecb695f4c4f176ca38,SelectionTechnique,agent,missed,community_to_global,:VirtualHand,:supportsTask,:ManipulationTask
fb95acd4ad3640ecb695f4c4f176ca38,SelectionTechnique,agent,missed,community_to_global,:VirtualHand,:supportsTask,:SelectionTask
fb95acd4ad3640ecb695f4c4f176ca38,SelectionTechnique,agent,missed,community_to_global,:VirtualPointer,:coveredInChapter,:Ch6
fb95acd4ad3640ecb695f4c4f176ca38,SelectionTechnique,agent,missed,community_to_global,:VirtualPointer,:supportsTask,:SelectionTask
fb95acd4ad3640ecb695f4c4f176ca38,SelectionTechnique,baseline,recovered,community_to_global,:SelectionTechnique,rdfs:subClassOf,:InteractionTechnique
fb95acd4ad3640ecb695f4c4f176ca38,SelectionTechnique,baseline,missed,community_to_global,:Aperture,:coveredInChapter,:Ch6
fb95acd4ad3640ecb695f4c4f176ca38,SelectionTechnique,baseline,missed,community_to_global,:Aperture,:supportsTask,:SelectionTask
fb95acd4ad3640ecb695f4c4f176ca38,SelectionTechnique,baseline,missed,community_to_global,:DollhouseSelection,:coveredInChapter,:Ch6
fb95acd4ad3640ecb695f4c4f176ca38,SelectionTechnique,baseline,missed,community_to_global,:DollhouseSelection,:supportsTask,:SelectionTask
fb95acd4ad3640ecb695f4c4f176ca38,SelectionTechnique,baseline,missed,community_to_global,:DollhouseSelection,:supportsTask,:TravelTask
fb95acd4ad3640ecb695f4c4f176ca38,SelectionTechnique,baseline,missed,community_to_global,:Frusta,:coveredInChapter,:Ch6
fb95acd4ad3640ecb695f4c4f176ca38,SelectionTechnique,baseline,missed,community_to_global,:Frusta,:supportsTask,:SelectionTask
fb95acd4ad3640ecb695f4c4f176ca38,SelectionTechnique,baseline,missed,community_to_global,:GoGoTechnique,:coveredInChapter,:Ch6
fb95acd4ad3640ecb695f4c4f176ca38,SelectionTechnique,baseline,missed,community_to_global,:GoGoTechnique,:supportsTask,:ManipulationTask
fb95acd4ad3640ecb695f4c4f176ca38,SelectionTechnique,baseline,missed,community_to_global,:GoGoTechnique,:supportsTask,:SelectionTask
fb95acd4ad3640ecb695f4c4f176ca38,SelectionTechnique,baseline,missed,community_to_global,:RayCasting,:coveredInChapter,:Ch6
fb95acd4ad3640ecb695f4c4f176ca38,SelectionTechnique,baseline,missed,community_to_global,:RayCasting,:supportsTask,:SelectionTask
fb95acd4ad3640ecb695f4c4f176ca38,SelectionTechnique,baseline,missed,community_to_global,:SelectionTechnique,:coveredInChapter,:Ch6
fb95acd4ad3640ecb695f4c4f176ca38,SelectionTechnique,baseline,missed,community_to_global,:Shadow,:coveredInChapter,:Ch6
fb95acd4ad3640ecb695f4c4f176ca38,SelectionTechnique,baseline,missed,community_to_global,:Shadow,:supportsTask,:SelectionTask
fb95acd4ad3640ecb695f4c4f176ca38,SelectionTechnique,baseline,missed,community_to_global,:VirtualHand,:coveredInChapter,:Ch6
fb95acd4ad3640ecb695f4c4f176ca38,SelectionTechnique,baseline,missed,community_to_global,:VirtualHand,:supportsTask,:ManipulationTask
fb95acd4ad3640ecb695f4c4f176ca38,SelectionTechnique,baseline,missed,community_to_global,:VirtualHand,:supportsTask,:SelectionTask
fb95acd4ad3640ecb695f4c4f176ca38,SelectionTechnique,baseline,missed,community_to_global,:VirtualPointer,:coveredInChapter,:Ch6
fb95acd4ad3640ecb695f4c4f176ca38,SelectionTechnique,baseline,missed,community_to_global,:VirtualPointer,:supportsTask,:SelectionTask
fb95acd4ad3640ecb695f4c4f176ca38,SelectionTechnique,sparql,recovered,community_to_global,:Aperture,:coveredInChapter,:Ch6
fb95acd4ad3640ecb695f4c4f176ca38,SelectionTechnique,sparql,recovered,community_to_global,:Aperture,:supportsTask,:SelectionTask
fb95acd4ad3640ecb695f4c4f176ca38,SelectionTechnique,sparql,recovered,community_to_global,:DollhouseSelection,:coveredInChapter,:Ch6
fb95acd4ad3640ecb695f4c4f176ca38,SelectionTechnique,sparql,recovered,community_to_global,:DollhouseSelection,:supportsTask,:SelectionTask
fb95acd4ad3640ecb695f4c4f176ca38,SelectionTechnique,sparql,recovered,community_to_global,:Frusta,:coveredInChapter,:Ch6
fb95acd4ad3640ecb695f4c4f176ca38,SelectionTechnique,sparql,recovered,community_to_global,:Frusta,:supportsTask,:SelectionTask
fb95acd4ad3640ecb695f4c4f176ca38,SelectionTechnique,sparql,recovered,community_to_global,:GoGoTechnique,:coveredInChapter,:Ch6
fb95acd4ad3640ecb695f4c4f176ca38,SelectionTechnique,sparql,recovered,community_to_global,:GoGoTechnique,:supportsTask,:SelectionTask
fb95acd4ad3640ecb695f4c4f176ca38,SelectionTechnique,sparql,recovered,community_to_global,:RayCasting,:coveredInChapter,:Ch6
fb95acd4ad3640ecb695f4c4f176ca38,SelectionTechnique,sparql,recovered,community_to_global,:RayCasting,:supportsTask,:SelectionTask
fb95acd4ad3640ecb695f4c4f176ca38,SelectionTechnique,sparql,recovered,community_to_global,:SelectionTechnique,:coveredInChapter,:Ch6
fb95acd4ad3640ecb695f4c4f176ca38,SelectionTechnique,sparql,recovered,community_to_global,:SelectionTechnique,rdfs:subClassOf,:InteractionTechnique
fb95acd4ad3640ecb695f4c4f176ca38,SelectionTechnique,sparql,recovered,community_to_global,:Shadow,:coveredInChapter,:Ch6
fb95acd4ad3640ecb695f4c4f176ca38,SelectionTechnique,sparql,recovered,community_to_global,:Shadow,:supportsTask,:SelectionTask
fb95acd4ad3640ecb695f4c4f176ca38,SelectionTechnique,sparql,recovered,community_to_global,:VirtualHand,:coveredInChapter,:Ch6
fb95acd4ad3640ecb695f4c4f176ca38,SelectionTechnique,sparql,recovered,community_to_global,:VirtualHand,:supportsTask,:SelectionTask
fb95acd4ad3640ecb695f4c4f176ca38,SelectionTechnique,sparql,recovered,community_to_global,:VirtualPointer,:coveredInChapter,:Ch6
fb95acd4ad3640ecb695f4c4f176ca38,SelectionTechnique,sparql,recovered,community_to_global,:VirtualPointer,:supportsTask,:SelectionTask
fb95acd4ad3640ecb695f4c4f176ca38,SelectionTechnique,sparql,missed,community_to_global,:DollhouseSelection,:supportsTask,:TravelTask
fb95acd4ad3640ecb695f4c4f176ca38,SelectionTechnique,sparql,missed,community_to_global,:GoGoTechnique,:supportsTask,:ManipulationTask
fb95acd4ad3640ecb695f4c4f176ca38,SelectionTechnique,sparql,missed,community_to_global,:VirtualHand,:supportsTask,:ManipulationTask
fb95acd4ad3640ecb695f4c4f176ca38,SelectionTechnique,sparql,extra,community_to_global,:SelectionTechnique,:supportsTask,:SelectionTask
9c3b1934ba4247798b429e7197b72e7f,ManipulationTechnique,agent,recovered,community_to_global,:ManipulationTechnique,rdfs:subClassOf,:InteractionTechnique
9c3b1934ba4247798b429e7197b72e7f,ManipulationTechnique,agent,missed,community_to_global,:HOMER,:coveredInChapter,:Ch6
9c3b1934ba4247798b429e7197b72e7f,ManipulationTechnique,agent,missed,community_to_global,:HOMER,:supportsTask,:ManipulationTask
9c3b1934ba4247798b429e7197b72e7f,ManipulationTechnique,agent,missed,community_to_global,:HOMER,:supportsTask,:SelectionTask
9c3b1934ba4247798b429e7197b72e7f,ManipulationTechnique,agent,missed,community_to_global,:ManipulationTechnique,:coveredInChapter,:Ch6
9c3b1934ba4247798b429e7197b72e7f,ManipulationTechnique,agent,missed,community_to_global,:PRISM,:coveredInChapter,:Ch6
9c3b1934ba4247798b429e7197b72e7f,ManipulationTechnique,agent,missed,community_to_global,:PRISM,:supportsTask,:ManipulationTask
9c3b1934ba4247798b429e7197b72e7f,ManipulationTechnique,agent,missed,community_to_global,:PropBasedManipulation,:coveredInChapter,:Ch6
9c3b1934ba4247798b429e7197b72e7f,ManipulationTechnique,agent,missed,community_to_global,:PropBasedManipulation,:supportsTask,:ManipulationTask
9c3b1934ba4247798b429e7197b72e7f,ManipulationTechnique,agent,missed,community_to_global,:ScalableVirtualHand,:coveredInChapter,:Ch6
9c3b1934ba4247798b429e7197b72e7f,ManipulationTechnique,agent,missed,community_to_global,:ScalableVirtualHand,:supportsTask,:ManipulationTask
9c3b1934ba4247798b429e7197b72e7f,ManipulationTechnique,agent,missed,community_to_global,:SnapDragging,:coveredInChapter,:Ch6
9c3b1934ba4247798b429e7197b72e7f,ManipulationTechnique,agent,missed,community_to_global,:SnapDragging,:supportsTask,:ManipulationTask
9c3b1934ba4247798b429e7197b72e7f,ManipulationTechnique,agent,missed,community_to_global,:TwoHandedManipulation,:coveredInChapter,:Ch6
9c3b1934ba4247798b429e7197b72e7f,ManipulationTechnique,agent,missed,community_to_global,:TwoHandedManipulation,:supportsTask,:ManipulationTask
9c3b1934ba4247798b429e7197b72e7f,ManipulationTechnique,agent,missed,community_to_global,:VirtualSphere,:coveredInChapter,:Ch6
9c3b1934ba4247798b429e7197b72e7f,ManipulationTechnique,agent,missed,community_to_global,:VirtualSphere,:supportsTask,:ManipulationTask
9c3b1934ba4247798b429e7197b72e7f,ManipulationTechnique,baseline,recovered,community_to_global,:ManipulationTechnique,rdfs:subClassOf,:InteractionTechnique
9c3b1934ba4247798b429e7197b72e7f,ManipulationTechnique,baseline,missed,community_to_global,:HOMER,:coveredInChapter,:Ch6
9c3b1934ba4247798b429e7197b72e7f,ManipulationTechnique,baseline,missed,community_to_global,:HOMER,:supportsTask,:ManipulationTask
9c3b1934ba4247798b429e7197b72e7f,ManipulationTechnique,baseline,missed,community_to_global,:HOMER,:supportsTask,:SelectionTask
9c3b1934ba4247798b429e7197b72e7f,ManipulationTechnique,baseline,missed,community_to_global,:ManipulationTechnique,:coveredInChapter,:Ch6
9c3b1934ba4247798b429e7197b72e7f,ManipulationTechnique,baseline,missed,community_to_global,:PRISM,:coveredInChapter,:Ch6
9c3b1934ba4247798b429e7197b72e7f,ManipulationTechnique,baseline,missed,community_to_global,:PRISM,:supportsTask,:ManipulationTask
9c3b1934ba4247798b429e7197b72e7f,ManipulationTechnique,baseline,missed,community_to_global,:PropBasedManipulation,:coveredInChapter,:Ch6
9c3b1934ba4247798b429e7197b72e7f,ManipulationTechnique,baseline,missed,community_to_global,:PropBasedManipulation,:supportsTask,:ManipulationTask
9c3b1934ba4247798b429e7197b72e7f,ManipulationTechnique,baseline,missed,community_to_global,:ScalableVirtualHand,:coveredInChapter,:Ch6
9c3b1934ba4247798b429e7197b72e7f,ManipulationTechnique,baseline,missed,community_to_global,:ScalableVirtualHand,:supportsTask,:ManipulationTask
9c3b1934ba4247798b429e7197b72e7f,ManipulationTechnique,baseline,missed,community_to_global,:SnapDragging,:coveredInChapter,:Ch6
9c3b1934ba4247798b429e7197b72e7f,ManipulationTechnique,baseline,missed,community_to_global,:SnapDragging,:supportsTask,:ManipulationTask
9c3b1934ba4247798b429e7197b72e7f,ManipulationTechnique,baseline,missed,community_to_global,:TwoHandedManipulation,:coveredInChapter,:Ch6
9c3b1934ba4247798b429e7197b72e7f,ManipulationTechnique,baseline,missed,community_to_global,:TwoHandedManipulation,:supportsTask,:ManipulationTask
9c3b1934ba4247798b429e7197b72e7f,ManipulationTechnique,baseline,missed,community_to_global,:VirtualSphere,:coveredInChapter,:Ch6
9c3b1934ba4247798b429e7197b72e7f,ManipulationTechnique,baseline,missed,community_to_global,:VirtualSphere,:supportsTask,:ManipulationTask
9c3b1934ba4247798b429e7197b72e7f,ManipulationTechnique,sparql,recovered,community_to_global,:HOMER,:coveredInChapter,:Ch6
9c3b1934ba4247798b429e7197b72e7f,ManipulationTechnique,sparql,recovered,community_to_global,:HOMER,:supportsTask,:ManipulationTask
9c3b1934ba4247798b429e7197b72e7f,ManipulationTechnique,sparql,recovered,community_to_global,:HOMER,:supportsTask,:SelectionTask
9c3b1934ba4247798b429e7197b72e7f,ManipulationTechnique,sparql,recovered,community_to_global,:ManipulationTechnique,:coveredInChapter,:Ch6
9c3b1934ba4247798b429e7197b72e7f,ManipulationTechnique,sparql,recovered,community_to_global,:ManipulationTechnique,rdfs:subClassOf,:InteractionTechnique
9c3b1934ba4247798b429e7197b72e7f,ManipulationTechnique,sparql,recovered,community_to_global,:PRISM,:coveredInChapter,:Ch6
9c3b1934ba4247798b429e7197b72e7f,ManipulationTechnique,sparql,recovered,community_to_global,:PRISM,:supportsTask,:ManipulationTask
9c3b1934ba4247798b429e7197b72e7f,ManipulationTechnique,sparql,recovered,community_to_global,:PropBasedManipulation,:coveredInChapter,:Ch6
9c3b1934ba4247798b429e7197b72e7f,ManipulationTechnique,sparql,recovered,community_to_global,:PropBasedManipulation,:supportsTask,:ManipulationTask
9c3b1934ba4247798b429e7197b72e7f,ManipulationTechnique,sparql,recovered,community_to_global,:ScalableVirtualHand,:coveredInChapter,:Ch6
9c3b1934ba4247798b429e7197b72e7f,ManipulationTechnique,sparql,recovered,community_to_global,:ScalableVirtualHand,:supportsTask,:ManipulationTask
9c3b1934ba4247798b429e7197b72e7f,ManipulationTechnique,sparql,recovered,community_to_global,:SnapDragging,:coveredInChapter,:Ch6
9c3b1934ba4247798b429e7197b72e7f,ManipulationTechnique,sparql,recovered,community_to_global,:SnapDragging,:supportsTask,:ManipulationTask
9c3b1934ba4247798b429e7197b72e7f,ManipulationTechnique,sparql,recovered,community_to_global,:TwoHandedManipulation,:coveredInChapter,:Ch6
9c3b1934ba4247798b429e7197b72e7f,ManipulationTechnique,sparql,recovered,community_to_global,:TwoHandedManipulation,:supportsTask,:ManipulationTask
9c3b1934ba4247798b429e7197b72e7f,ManipulationTechnique,sparql,recovered,community_to_global,:VirtualSphere,:coveredInChapter,:Ch6
9c3b1934ba4247798b429e7197b72e7f,ManipulationTechnique,sparql,recovered,community_to_global,:VirtualSphere,:supportsTask,:ManipulationTask
9c3b1934ba4247798b429e7197b72e7f,ManipulationTechnique,sparql,extra,community_to_global,:ManipulationTechnique,:supportsTask,:ManipulationTask
53d2c5fc41754a6dabfe37f8e5c30df8,TravelTechnique,agent,recovered,community_to_global,:TravelTechnique,rdfs:subClassOf,:InteractionTechnique
53d2c5fc41754a6dabfe37f8e5c30df8,TravelTechnique,agent,missed,community_to_global,:Flying,:coveredInChapter,:Ch7
53d2c5fc41754a6dabfe37f8e5c30df8,TravelTechnique,agent,missed,community_to_global,:Flying,:supportsTask,:TravelTask
53d2c5fc41754a6dabfe37f8e5c30df8,TravelTechnique,agent,missed,community_to_global,:RealWalking,:addressesHumanFactor,:Cybersickness
53d2c5fc41754a6dabfe37f8e5c30df8,TravelTechnique,agent,missed,community_to_global,:RealWalking,:coveredInChapter,:Ch7
53d2c5fc41754a6dabfe37f8e5c30df8,TravelTechnique,agent,missed,community_to_global,:RealWalking,:supportsTask,:TravelTask
53d2c5fc41754a6dabfe37f8e5c30df8,TravelTechnique,agent,missed,community_to_global,:RedirectedWalking,:addressesHumanFactor,:Cybersickness
53d2c5fc41754a6dabfe37f8e5c30df8,TravelTechnique,agent,missed,community_to_global,:RedirectedWalking,:coveredInChapter,:Ch7
53d2c5fc41754a6dabfe37f8e5c30df8,TravelTechnique,agent,missed,community_to_global,:RedirectedWalking,:evaluatedBy,:SimulatorSicknessQuestionnaire
53d2c5fc41754a6dabfe37f8e5c30df8,TravelTechnique,agent,missed,community_to_global,:RedirectedWalking,:evaluatedBy,:UserStudy
53d2c5fc41754a6dabfe37f8e5c30df8,TravelTechnique,agent,missed,community_to_global,:RedirectedWalking,:supportsTask,:TravelTask
53d2c5fc41754a6dabfe37f8e5c30df8,TravelTechnique,agent,missed,community_to_global,:Steering,:coveredInChapter,:Ch7
53d2c5fc41754a6dabfe37f8e5c30df8,TravelTechnique,agent,missed,community_to_global,:Steering,:supportsTask,:TravelTask
53d2c5fc41754a6dabfe37f8e5c30df8,TravelTechnique,agent,missed,community_to_global,:Teleportation,:addressesHumanFactor,:Cybersickness
53d2c5fc41754a6dabfe37f8e5c30df8,TravelTechnique,agent,missed,community_to_global,:Teleportation,:coveredInChapter,:Ch7
53d2c5fc41754a6dabfe37f8e5c30df8,TravelTechnique,agent,missed,community_to_global,:Teleportation,:evaluatedBy,:SimulatorSicknessQuestionnaire
53d2c5fc41754a6dabfe37f8e5c30df8,TravelTechnique,agent,missed,community_to_global,:Teleportation,:evaluatedBy,:UserStudy
53d2c5fc41754a6dabfe37f8e5c30df8,TravelTechnique,agent,missed,community_to_global,:Teleportation,:supportsTask,:TravelTask
53d2c5fc41754a6dabfe37f8e5c30df8,TravelTechnique,agent,missed,community_to_global,:TravelTechnique,:coveredInChapter,:Ch7
53d2c5fc41754a6dabfe37f8e5c30df8,TravelTechnique,agent,missed,community_to_global,:WalkingInPlace,:coveredInChapter,:Ch7
53d2c5fc41754a6dabfe37f8e5c30df8,TravelTechnique,agent,missed,community_to_global,:WalkingInPlace,:supportsTask,:TravelTask
53d2c5fc41754a6dabfe37f8e5c30df8,TravelTechnique,agent,missed,community_to_global,:WorldInMiniatureTravel,:coveredInChapter,:Ch7
53d2c5fc41754a6dabfe37f8e5c30df8,TravelTechnique,agent,missed,community_to_global,:WorldInMiniatureTravel,:supportsTask,:TravelTask
53d2c5fc41754a6dabfe37f8e5c30df8,TravelTechnique,baseline,recovered,community_to_global,:TravelTechnique,rdfs:subClassOf,:InteractionTechnique
53d2c5fc41754a6dabfe37f8e5c30df8,TravelTechnique,baseline,missed,community_to_global,:Flying,:coveredInChapter,:Ch7
53d2c5fc41754a6dabfe37f8e5c30df8,TravelTechnique,baseline,missed,community_to_global,:Flying,:supportsTask,:TravelTask
53d2c5fc41754a6dabfe37f8e5c30df8,TravelTechnique,baseline,missed,community_to_global,:RealWalking,:addressesHumanFactor,:Cybersickness
53d2c5fc41754a6dabfe37f8e5c30df8,TravelTechnique,baseline,missed,community_to_global,:RealWalking,:coveredInChapter,:Ch7
53d2c5fc41754a6dabfe37f8e5c30df8,TravelTechnique,baseline,missed,community_to_global,:RealWalking,:supportsTask,:TravelTask
53d2c5fc41754a6dabfe37f8e5c30df8,TravelTechnique,baseline,missed,community_to_global,:RedirectedWalking,:addressesHumanFactor,:Cybersickness
53d2c5fc41754a6dabfe37f8e5c30df8,TravelTechnique,baseline,missed,community_to_global,:RedirectedWalking,:coveredInChapter,:Ch7
53d2c5fc41754a6dabfe37f8e5c30df8,TravelTechnique,baseline,missed,community_to_global,:RedirectedWalking,:evaluatedBy,:SimulatorSicknessQuestionnaire
53d2c5fc41754a6dabfe37f8e5c30df8,TravelTechnique,baseline,missed,community_to_global,:RedirectedWalking,:evaluatedBy,:UserStudy
53d2c5fc41754a6dabfe37f8e5c30df8,TravelTechnique,baseline,missed,community_to_global,:RedirectedWalking,:supportsTask,:TravelTask
53d2c5fc41754a6dabfe37f8e5c30df8,TravelTechnique,baseline,missed,community_to_global,:Steering,:coveredInChapter,:Ch7
53d2c5fc41754a6dabfe37f8e5c30df8,TravelTechnique,baseline,missed,community_to_global,:Steering,:supportsTask,:TravelTask
53d2c5fc41754a6dabfe37f8e5c30df8,TravelTechnique,baseline,missed,community_to_global,:Teleportation,:addressesHumanFactor,:Cybersickness
53d2c5fc41754a6dabfe37f8e5c30df8,TravelTechnique,baseline,missed,community_to_global,:Teleportation,:coveredInChapter,:Ch7
53d2c5fc41754a6dabfe37f8e5c30df8,TravelTechnique,baseline,missed,community_to_global,:Teleportation,:evaluatedBy,:SimulatorSicknessQuestionnaire
53d2c5fc41754a6dabfe37f8e5c30df8,TravelTechnique,baseline,missed,community_to_global,:Teleportation,:evaluatedBy,:UserStudy
53d2c5fc41754a6dabfe37f8e5c30df8,TravelTechnique,baseline,missed,community_to_global,:Teleportation,:supportsTask,:TravelTask
53d2c5fc41754a6dabfe37f8e5c30df8,TravelTechnique,baseline,missed,community_to_global,:TravelTechnique,:coveredInChapter,:Ch7
53d2c5fc41754a6dabfe37f8e5c30df8,TravelTechnique,baseline,missed,community_to_global,:WalkingInPlace,:coveredInChapter,:Ch7
53d2c5fc41754a6dabfe37f8e5c30df8,TravelTechnique,baseline,missed,community_to_global,:WalkingInPlace,:supportsTask,:TravelTask
53d2c5fc41754a6dabfe37f8e5c30df8,TravelTechnique,baseline,missed,community_to_global,:WorldInMiniatureTravel,:coveredInChapter,:Ch7
53d2c5fc41754a6dabfe37f8e5c30df8,TravelTechnique,baseline,missed,community_to_global,:WorldInMiniatureTravel,:supportsTask,:TravelTask
53d2c5fc41754a6dabfe37f8e5c30df8,TravelTechnique,sparql,recovered,community_to_global,:Flying,:coveredInChapter,:Ch7
53d2c5fc41754a6dabfe37f8e5c30df8,TravelTechnique,sparql,recovered,community_to_global,:Flying,:supportsTask,:TravelTask
53d2c5fc41754a6dabfe37f8e5c30df8,TravelTechnique,sparql,recovered,community_to_global,:RealWalking,:addressesHumanFactor,:Cybersickness
53d2c5fc41754a6dabfe37f8e5c30df8,TravelTechnique,sparql,recovered,community_to_global,:RealWalking,:coveredInChapter,:Ch7
53d2c5fc41754a6dabfe37f8e5c30df8,TravelTechnique,sparql,recovered,community_to_global,:RealWalking,:supportsTask,:TravelTask
53d2c5fc41754a6dabfe37f8e5c30df8,TravelTechnique,sparql,recovered,community_to_global,:RedirectedWalking,:addressesHumanFactor,:Cybersickness
53d2c5fc41754a6dabfe37f8e5c30df8,TravelTechnique,sparql,recovered,community_to_global,:RedirectedWalking,:coveredInChapter,:Ch7
53d2c5fc41754a6dabfe37f8e5c30df8,TravelTechnique,sparql,recovered,community_to_global,:RedirectedWalking,:evaluatedBy,:SimulatorSicknessQuestionnaire
53d2c5fc41754a6dabfe37f8e5c30df8,TravelTechnique,sparql,recovered,community_to_global,:RedirectedWalking,:evaluatedBy,:UserStudy
53d2c5fc41754a6dabfe37f8e5c30df8,TravelTechnique,sparql,recovered,community_to_global,:RedirectedWalking,:supportsTask,:TravelTask
53d2c5fc41754a6dabfe37f8e5c30df8,TravelTechnique,sparql,recovered,community_to_global,:Steering,:coveredInChapter,:Ch7
53d2c5fc41754a6dabfe37f8e5c30df8,TravelTechnique,sparql,recovered,community_to_global,:Steering,:supportsTask,:TravelTask
53d2c5fc41754a6dabfe37f8e5c30df8,TravelTechnique,sparql,recovered,community_to_global,:Teleportation,:addressesHumanFactor,:Cybersickness
53d2c5fc41754a6dabfe37f8e5c30df8,TravelTechnique,sparql,recovered,community_to_global,:Teleportation,:coveredInChapter,:Ch7
53d2c5fc41754a6dabfe37f8e5c30df8,TravelTechnique,sparql,recovered,community_to_global,:Teleportation,:evaluatedBy,:SimulatorSicknessQuestionnaire
53d2c5fc41754a6dabfe37f8e5c30df8,TravelTechnique,sparql,recovered,community_to_global,:Teleportation,:evaluatedBy,:UserStudy
53d2c5fc41754a6dabfe37f8e5c30df8,TravelTechnique,sparql,recovered,community_to_global,:Teleportation,:supportsTask,:TravelTask
53d2c5fc41754a6dabfe37f8e5c30df8,TravelTechnique,sparql,recovered,community_to_global,:TravelTechnique,:coveredInChapter,:Ch7
53d2c5fc41754a6dabfe37f8e5c30df8,TravelTechnique,sparql,recovered,community_to_global,:TravelTechnique,rdfs:subClassOf,:InteractionTechnique
53d2c5fc41754a6dabfe37f8e5c30df8,TravelTechnique,sparql,recovered,community_to_global,:WalkingInPlace,:coveredInChapter,:Ch7
53d2c5fc41754a6dabfe37f8e5c30df8,TravelTechnique,sparql,recovered,community_to_global,:WalkingInPlace,:supportsTask,:TravelTask
53d2c5fc41754a6dabfe37f8e5c30df8,TravelTechnique,sparql,recovered,community_to_global,:WorldInMiniatureTravel,:coveredInChapter,:Ch7
53d2c5fc41754a6dabfe37f8e5c30df8,TravelTechnique,sparql,recovered,community_to_global,:WorldInMiniatureTravel,:supportsTask,:TravelTask
53d2c5fc41754a6dabfe37f8e5c30df8,TravelTechnique,sparql,extra,community_to_global,:TravelTechnique,:supportsTask,:TravelTask
30dc61a90ca44e0c89ff4077af703b16,SystemControlTechnique,agent,recovered,community_to_global,:SystemControlTechnique,rdfs:subClassOf,:InteractionTechnique
30dc61a90ca44e0c89ff4077af703b16,SystemControlTechnique,agent,missed,community_to_global,:3DMenu,:coveredInChapter,:Ch9
30dc61a90ca44e0c89ff4077af703b16,SystemControlTechnique,agent,missed,community_to_global,:3DMenu,:evaluatedBy,:HeuristicEvaluation
30dc61a90ca44e0c89ff4077af703b16,SystemControlTechnique,agent,missed,community_to_global,:3DMenu,:evaluatedBy,:UserStudy
30dc61a90ca44e0c89ff4077af703b16,SystemControlTechnique,agent,missed,community_to_global,:3DMenu,:supportsTask,:SystemControlTask
30dc61a90ca44e0c89ff4077af703b16,SystemControlTechnique,agent,missed,community_to_global,:HandGestures,:coveredInChapter,:Ch9
30dc61a90ca44e0c89ff4077af703b16,SystemControlTechnique,agent,missed,community_to_global,:HandGestures,:evaluatedBy,:HeuristicEvaluation
30dc61a90ca44e0c89ff4077af703b16,SystemControlTechnique,agent,missed,community_to_global,:HandGestures,:evaluatedBy,:UserStudy
30dc61a90ca44e0c89ff4077af703b16,SystemControlTechnique,agent,missed,community_to_global,:HandGestures,:supportsTask,:SystemControlTask
30dc61a90ca44e0c89ff4077af703b16,SystemControlTechnique,agent,missed,community_to_global,:MarkingMenu,:coveredInChapter,:Ch9
30dc61a90ca44e0c89ff4077af703b16,SystemControlTechnique,agent,missed,community_to_global,:MarkingMenu,:supportsTask,:SystemControlTask
30dc61a90ca44e0c89ff4077af703b16,SystemControlTechnique,agent,missed,community_to_global,:SystemControlTechnique,:coveredInChapter,:Ch9
30dc61a90ca44e0c89ff4077af703b16,SystemControlTechnique,agent,missed,community_to_global,:VirtualKeyboard,:coveredInChapter,:Ch9
30dc61a90ca44e0c89ff4077af703b16,SystemControlTechnique,agent,missed,community_to_global,:VirtualKeyboard,:supportsTask,:SymbolicInputTask
30dc61a90ca44e0c89ff4077af703b16,SystemControlTechnique,agent,missed,community_to_global,:VirtualKeyboard,:supportsTask,:SystemControlTask
30dc61a90ca44e0c89ff4077af703b16,SystemControlTechnique,agent,missed,community_to_global,:VoiceCommands,:coveredInChapter,:Ch9
30dc61a90ca44e0c89ff4077af703b16,SystemControlTechnique,agent,missed,community_to_global,:VoiceCommands,:supportsTask,:SystemControlTask
30dc61a90ca44e0c89ff4077af703b16,SystemControlTechnique,baseline,recovered,community_to_global,:SystemControlTechnique,rdfs:subClassOf,:InteractionTechnique
30dc61a90ca44e0c89ff4077af703b16,SystemControlTechnique,baseline,missed,community_to_global,:3DMenu,:coveredInChapter,:Ch9
30dc61a90ca44e0c89ff4077af703b16,SystemControlTechnique,baseline,missed,community_to_global,:3DMenu,:evaluatedBy,:HeuristicEvaluation
30dc61a90ca44e0c89ff4077af703b16,SystemControlTechnique,baseline,missed,community_to_global,:3DMenu,:evaluatedBy,:UserStudy
30dc61a90ca44e0c89ff4077af703b16,SystemControlTechnique,baseline,missed,community_to_global,:3DMenu,:supportsTask,:SystemControlTask
30dc61a90ca44e0c89ff4077af703b16,SystemControlTechnique,baseline,missed,community_to_global,:HandGestures,:coveredInChapter,:Ch9
30dc61a90ca44e0c89ff4077af703b16,SystemControlTechnique,baseline,missed,community_to_global,:HandGestures,:evaluatedBy,:HeuristicEvaluation
30dc61a90ca44e0c89ff4077af703b16,SystemControlTechnique,baseline,missed,community_to_global,:HandGestures,:evaluatedBy,:UserStudy
30dc61a90ca44e0c89ff4077af703b16,SystemControlTechnique,baseline,missed,community_to_global,:HandGestures,:supportsTask,:SystemControlTask
30dc61a90ca44e0c89ff4077af703b16,SystemControlTechnique,baseline,missed,community_to_global,:MarkingMenu,:coveredInChapter,:Ch9
30dc61a90ca44e0c89ff4077af703b16,SystemControlTechnique,baseline,missed,community_to_global,:MarkingMenu,:supportsTask,:SystemControlTask
30dc61a90ca44e0c89ff4077af703b16,SystemControlTechnique,baseline,missed,community_to_global,:SystemControlTechnique,:coveredInChapter,:Ch9
30dc61a90ca44e0c89ff4077af703b16,SystemControlTechnique,baseline,missed,community_to_global,:VirtualKeyboard,:coveredInChapter,:Ch9
30dc61a90ca44e0c89ff4077af703b16,SystemControlTechnique,baseline,missed,community_to_global,:VirtualKeyboard,:supportsTask,:SymbolicInputTask
30dc61a90ca44e0c89ff4077af703b16,SystemControlTechnique,baseline,missed,community_to_global,:VirtualKeyboard,:supportsTask,:SystemControlTask
30dc61a90ca44e0c89ff4077af703b16,SystemControlTechnique,baseline,missed,community_to_global,:VoiceCommands,:coveredInChapter,:Ch9
30dc61a90ca44e0c89ff4077af703b16,SystemControlTechnique,baseline,missed,community_to_global,:VoiceCommands,:supportsTask,:SystemControlTask
30dc61a90ca44e0c89ff4077af703b16,SystemControlTechnique,sparql,recovered,community_to_global,:3DMenu,:evaluatedBy,:HeuristicEvaluation
30dc61a90ca44e0c89ff4077af703b16,SystemControlTechnique,sparql,recovered,community_to_global,:3DMenu,:evaluatedBy,:UserStudy
30dc61a90ca44e0c89ff4077af703b16,SystemControlTechnique,sparql,recovered,community_to_global,:HandGestures,:evaluatedBy,:HeuristicEvaluation
30dc61a90ca44e0c89ff4077af703b16,SystemControlTechnique,sparql,recovered,community_to_global,:HandGestures,:evaluatedBy,:UserStudy
30dc61a90ca44e0c89ff4077af703b16,SystemControlTechnique,sparql,recovered,community_to_global,:HandGestures,:supportsTask,:SystemControlTask
30dc61a90ca44e0c89ff4077af703b16,SystemControlTechnique,sparql,recovered,community_to_global,:MarkingMenu,:supportsTask,:SystemControlTask
30dc61a90ca44e0c89ff4077af703b16,SystemControlTechnique,sparql,recovered,community_to_global,:SystemControlTechnique,:coveredInChapter,:Ch9
30dc61a90ca44e0c89ff4077af703b16,SystemControlTechnique,sparql,recovered,community_to_global,:SystemControlTechnique,rdfs:subClassOf,:InteractionTechnique
30dc61a90ca44e0c89ff4077af703b16,SystemControlTechnique,sparql,recovered,community_to_global,:VirtualKeyboard,:supportsTask,:SymbolicInputTask
30dc61a90ca44e0c89ff4077af703b16,SystemControlTechnique,sparql,recovered,community_to_global,:VirtualKeyboard,:supportsTask,:SystemControlTask
30dc61a90ca44e0c89ff4077af703b16,SystemControlTechnique,sparql,recovered,community_to_global,:VoiceCommands,:supportsTask,:SystemControlTask
30dc61a90ca44e0c89ff4077af703b16,SystemControlTechnique,sparql,missed,community_to_global,:3DMenu,:coveredInChapter,:Ch9
30dc61a90ca44e0c89ff4077af703b16,SystemControlTechnique,sparql,missed,community_to_global,:3DMenu,:supportsTask,:SystemControlTask
30dc61a90ca44e0c89ff4077af703b16,SystemControlTechnique,sparql,missed,community_to_global,:HandGestures,:coveredInChapter,:Ch9
30dc61a90ca44e0c89ff4077af703b16,SystemControlTechnique,sparql,missed,community_to_global,:MarkingMenu,:coveredInChapter,:Ch9
30dc61a90ca44e0c89ff4077af703b16,SystemControlTechnique,sparql,missed,community_to_global,:VirtualKeyboard,:coveredInChapter,:Ch9
30dc61a90ca44e0c89ff4077af703b16,SystemControlTechnique,sparql,missed,community_to_global,:VoiceCommands,:coveredInChapter,:Ch9
